Date,FS,NumG,Time,GPS,Activity,Support,NumS_D,DistS_D,Can_H,Can_C1,Obs,Can_C2
9/6/18,Varecia_variegata,1,11:21,19,DEF,Famelona,50,5,14,45,NA,
9/6/18,Varecia_variegata,1,11:28,19,DEF,Famelona,NA,NA,NA,NA,NA,
9/6/18,Varecia_variegata,1,12:00,20,DEF,Hazondomoina,NA,NA,11,60,NA,
9/6/18,Varecia_variegata,1,12:13,20,DEF,Hazondomoina,NA,NA,12,65,NA,
9/6/18,Varecia_variegata,1,12:18,NA,P,NA,NA,NA,NA,NA,NA,
9/6/18,Varecia_variegata,1,13:36,NA,DEF,Afopotsy,13,2,15,7,NA,
9/6/18,Varecia_variegata,1,15:51,NA,DEF,Afopotsy,NA,NA,NA,NA,NA,
9/6/18,Varecia_variegata,1,15:54,NA,DEF,Afopotsy,2,2,14,5,NA,
9/6/18,Varecia_variegata,1,16:14,27,DEF,Afopotsy,5,1.5,13,NA,NA,
9/7/18,Varecia_variegata,1,13:56,33,DEF,Varongy_fotsy,NA,3,NA,70,Afopotsy,
9/7/18,Varecia_variegata,1,13:58,NA,DEF,NA,NA,NA,NA,60,NA,
9/7/18,Varecia_variegata,1,15:07,34,DEF,Afopotsy,6,3,15,45,NA,
9/7/18,Varecia_variegata,1,15:16,34,DEF,Tavolo,4,1,14,25,NA,
9/7/18,Varecia_variegata,1,15:58,35,DEF,Ampana,8,1.5,14,25,NA,
9/8/18,Varecia_variegata,1,11:35,38,DEF,Faraloatra,3,2,17,30,NA,NA
9/8/18,Varecia_variegata,1,13:06,39,DEF,Afopotsy,2,15,14,25,NA,NA
9/8/18,Varecia_variegata,1,15:04,41,DEF,Antavaratra,3,3,14,35,NA,NA
9/10/18,Varecia_variegata,1,11:22,46,DEF,Afopotsy,6,2,15,25,NA,NA
9/10/18,Varecia_variegata,1,14:19,48,DEF,Afopotsy,9,2.5,14,45,NA,NA
9/11/18,Varecia_variegata,1,11:09,51,DEF,Fotona,7,2,18,20,NA,NA
9/11/18,Varecia_variegata,1,12:38,52,DEF,Afopotsy,3,2,15,45,NA,NA
9/11/18,Varecia_variegata,1,14:48,52,DEF,Afopotsy,5,2.5,15,45,NA,NA
9/11/18,Varecia_variegata,1,16:06,53,DEF,Faraloatra,10,3,20,45,NA,NA
9/12/18,Varecia_variegata,1,9:12,NA,DEF,Varongy,8,3,12,80,NA,NA
9/12/18,Varecia_variegata,1,10:21,59,DEF,Afopotsy,9,3,19,20,NA,NA
9/12/18,Varecia_variegata,1,10:22,59,DEF,Afopotsy,7,3,19,20,NA,NA
9/12/18,Varecia_variegata,1,11:24,59,DEF,Afopotsy,6,3,19,20,NA,NA
9/12/18,Varecia_variegata,1,11:43,59,DEF,Afopotsy,6,2,19,20,NA,NA
9/12/18,Varecia_variegata,1,12:18,59,DEF,Afopotsy,4,2,18,30,NA,NA
9/12/18,Varecia_variegata,1,14:22,60,DEF,Tavolo,14,3,16,75,NA,NA
9/12/18,Varecia_variegata,1,14:24,60,DEF,Tavolo,10,3,16,75,NA,NA
9/12/18,Varecia_variegata,1,14:26,60,P,Afopotsy,10,3,17,75,NA,NA
9/12/18,Varecia_variegata,1,14:27,60,DEF,Faraloatra,4,2,17,60,NA,NA
9/12/18,Varecia_variegata,1,16:00,61,DEF,Afopotsy,11,3,14,20,NA,NA
9/13/18,Varecia_variegata,1,10:23,66,DEF,Volomborona,7,3,14,10,NA,NA
9/13/18,Varecia_variegata,1,10:26,66,DEF,Volomborona,5,3,14,10,NA,NA
9/13/18,Varecia_variegata,1,10:34,66,DEF,Volomborona,7,3,14,10,NA,NA
9/13/18,Varecia_variegata,1,11:32,66,DEF,Varongy,9,2,19,45,NA,NA
9/13/18,Varecia_variegata,1,11:53,NA,DEF,Monkaranana,13,3,14,30,NA,NA
9/13/18,Varecia_variegata,1,13:57,69,DEF,Afopotsy,12,3,13,25,NA,NA
9/13/18,Varecia_variegata,1,14:13,69,DEF,Afopotsy,8,2,10,25,NA,NA
9/13/18,Varecia_variegata,1,15:30,NA,DEF,Afopotsy,3,2,15,NA,NA,NA
9/13/18,Varecia_variegata,1,16:04,NA,DEF,Tavolo,10,3,12,30,NA,NA
9/13/18,Varecia_variegata,1,16:42,71,DEF,Afopotsy,8,2,10,10,NA,NA
9/13/18,Varecia_variegata,1,16:46,71,DEF,Afopotsy,4,2,10,10,NA,NA
9/14/18,Varecia_variegata,1,8:29,NA,DEF,Hazondomoina,7,3,16,75,NA,NA
9/14/18,Varecia_variegata,1,9:54,76,DEF,Afopotsy,NA,2,9,10,NA,NA
9/14/18,Varecia_variegata,1,10:08,76,DEF,Afopotsy,4,2,9,10,NA,NA
9/14/18,Varecia_variegata,1,10:10,NA,DEF,Vahy,3,NA,9,100,NA,NA
9/14/18,Varecia_variegata,1,11:20,78,DEF,Varongy,4,3,15,80,NA,NA
9/14/18,Varecia_variegata,1,13:32,79,DEF,Afopotsy,7,3,18,45,NA,NA
9/14/18,Varecia_variegata,1,13:53,79,DEF,Afopotsy,4,2.5,20,40,NA,NA
9/14/18,Varecia_variegata,1,14:10,79,DEF,NA,3,2,19,40,NA,NA
9/14/18,Varecia_variegata,1,14:12,NA,DEF,Tavolo,6,3,18,50,NA,NA
9/14/18,Varecia_variegata,1,14:47,NA,DEF,Vahy,10,4,12,100,NA,NA
9/14/18,Varecia_variegata,1,15:21,81,DEF,Afopotsy,5,1,14,45,NA,NA
9/14/18,Varecia_variegata,1,15:30,81,DEF,Afopotsy,NA,2,14,15,NA,NA
9/14/18,Varecia_variegata,1,15:45,81,DEF,Afopotsy,5,1,14,15,NA,NA
9/14/18,Varecia_variegata,1,16:06,83,DEF,Hasina,8,3,8,75,NA,NA
9/14/18,Varecia_variegata,1,16:15,83,DEF,Faraloatra,4,2,8,100,NA,NA
9/14/18,Varecia_variegata,1,16:50,85,DEF,Ampana,6,3,18,100,NA,NA
9/15/18,Varecia_variegata,1,8:45,87,DEF,Ambavy,3,0.5,15,75,NA,NA
9/15/18,Varecia_variegata,1,11:45,89,DEF,Afopotsy,12,3,17,95,NA,NA
9/15/18,Varecia_variegata,1,14:01,90,DEF,Varongy,7,4,16,50,NA,NA
9/15/18,Varecia_variegata,1,14:27,91,DEF,Famelona,4,3,15,60,NA,NA
9/15/18,Varecia_variegata,1,14:35,NA,DEF,Varongy,6,3,16,45,NA,NA
9/15/18,Varecia_variegata,1,15:16,NA,DEF,Volomborona,4,5,15,47,NA,NA
9/15/18,Varecia_variegata,1,15:35,NA,DEF,Afopotsy,7,3,18,25,NA,NA
9/15/18,Varecia_variegata,1,16:10,86,DEF,Ambavy,5,3,14,25,NA,NA
9/15/18,Varecia_variegata,1,16:41,NA,DEF,Afopotsy,1,1,18,25,NA,NA
9/15/18,Varecia_variegata,1,16:45,86,DEF,Afopotsy,8,4,19,10,NA,NA
9/15/18,Varecia_variegata,1,17:30,93,DEF,Voamboana,0,0,15,30,NA,NA
9/17/18,Varecia_variegata,1,13:16,96,DEF,Ampana,13,5,20,75,NA,NA
9/17/18,Varecia_variegata,1,13:24,96,DEF,Hazondomoina,3,4,10,30,NA,NA
9/17/18,Varecia_variegata,1,13:35,88,DEF,Longotra,7,1,14,75,NA,NA
9/17/18,Varecia_variegata,1,14:50,86,DEF,Afopotsy,5,4,15,20,NA,NA
9/17/18,Varecia_variegata,1,15:27,NA,DEF,Longotra,4,3,14,75,NA,NA
9/17/18,Varecia_variegata,1,15:35,NA,DEF,Rotra_fotsy,3,2,15,20,NA,NA
9/17/18,Varecia_variegata,1,15:52,NA,DEF,Famelona,4,3,18,20,NA,NA
9/17/18,Varecia_variegata,1,16:12,95,DEF,Afopotsy,8,1,14,25,NA,NA
9/17/18,Varecia_variegata,1,17:00,95,DEF,Afopotsy,12,4,16,25,NA,NA
9/18/18,Varecia_variegata,1,8:35,NA,DEF,Ramy,4,1,16,25,NA,NA
9/18/18,Varecia_variegata,1,9:36,85,DEF,Afopotsy,5,1,15,25,NA,NA
9/18/18,Varecia_variegata,1,11:50,NA,DEF,Famelona,8,3,15,50,NA,NA
9/18/18,Varecia_variegata,1,11:31,NA,DEF,Tavolo,7,4,15,40,NA,NA
9/18/18,Varecia_variegata,1,14:02,88,DEF,Afopotsy,13,1,15,10,NA,NA
9/18/18,Varecia_variegata,1,14:03,88,DEF,Longotra,10,4,15,50,NA,NA
9/18/18,Varecia_variegata,1,14:16, NA,DEF,Tavolo,6,2,16,40,NA,NA
9/18/18,Varecia_variegata,1,14:27,NA,DEF,Vahy,7,5,15,70,NA,NA
9/18/18,Varecia_variegata,1,14:58,94,DEF,Afopotsy,8,4,21,45,NA,NA
9/18/18,Varecia_variegata,1,15:07,NA,DEF,Voantsilana,4,4,19,30,NA,NA
9/18/18,Varecia_variegata,1,15:32, NA,DEF,Loditrovy,3,1,13,50,NA,NA
9/18/18,Varecia_variegata,1,16:02,103,DEF,Afobalo,NA,NA,15,45,NA,NA
9/18/18,Varecia_variegata,1,16:47,104,DEF,Afopotsy,10,4,18,45,NA,NA
9/18/18,Varecia_variegata,1,17:00,104,DEF,Afopotsy,6,3,14,30,NA,NA
9/19/18,Varecia_variegata,1,8:37,104,DEF,Afopotsy,3,3,14,75,NA,NA
9/19/18,Varecia_variegata,1,8:58,89,DEF,Afopotsy,2,2,15,80,NA,NA
9/19/18,Varecia_variegata,1,9:31,106,DEF,Voambalandina,7,5,6,80,NA,NA
9/19/18,Varecia_variegata,1,9:32,106,DEF,Vahy,4,2,8,45,NA,NA
9/19/18,Varecia_variegata,1,10:49,96,DEF,Ampana,11,5,20,50,NA,NA
9/19/18,Varecia_variegata,1,13:54,88,DEF,Longotra,23,2,16,20,NA,NA
9/19/18,Varecia_variegata,1,14:09,108,DEF,Rotra,9,2,15,45,NA,NA
9/19/18,Varecia_variegata,1,15:04,101,DEF,Famelona,10,2,16,85,NA,NA
9/19/18,Varecia_variegata,1,15:47,109,DEF,Varongy_mavo,4,1,19,50,NA,NA
9/19/18,Varecia_variegata,1,16:25,94,DEF,Afopotsy,2,4,20,98,NA,NA
9/19/18,Varecia_variegata,1,16:30,88,DEF,Longotra,2,3,15,45,NA,NA
9/19/18,Varecia_variegata,1,16:49,NA,DEF,Loditrovy,NA,2,8,30,NA,NA
9/19/18,Varecia_variegata,1,17:18,114,DEF,Tavolo,NA,2,13,78,NA,NA
9/19/18,Varecia_variegata,1,17:38,116,DEF,Tavolo,NA,NA,18,80,NA,NA
9/20/18,Varecia_variegata,1,8:50,118,DEF,Ramy,5,2,18,30,NA,NA
9/20/18,Varecia_variegata,1,9:30,103,DEF,Ramy,9,2,7,45,NA,NA
9/20/18,Varecia_variegata,1,10:40,119,DEF,Ambavy,21,5,15,97,NA,NA
9/20/18,Varecia_variegata,1,10:42,119,DEF,Ambavy,5,1,15,27,NA,NA
9/20/18,Varecia_variegata,1,11:00,105,DEF,Afopotsy,11,2,16,35,NA,NA
9/20/18,Varecia_variegata,1,11:28,NA,DEF,NA,3,0.5,5,50,NA,NA
9/20/18,Varecia_variegata,1,13:42,97,DEF,Afopotsy,9,2,16,50,NA,NA
9/20/18,Varecia_variegata,1,14:30,105,DEF,Famelona,9,2,16,45,NA,NA
9/20/18,Varecia_variegata,1,14:45,94,DEF,Afopotsy,9,3,18,30,NA,NA
9/20/18,Varecia_variegata,1,15:12,86,DEF,Afopotsy,14,3,20,75,NA,NA
9/20/18,Varecia_variegata,1,15:15,86,DEF,Afopotsy,11,2,20,25,NA,NA
9/20/18,Varecia_variegata,1,15:35,NA,DEF,Vahy,4,1,12,30,NA,NA
9/20/18,Varecia_variegata,1,16:24,117,DEF,Varongy,11,2,20,45,NA,NA
9/20/18,Varecia_variegata,1,16:53,119,DEF,Ambavy,2,1,19,25,NA,NA
9/20/18,Varecia_variegata,1,17:12,119,DEF,Ambavy,13,3,20,30,NA,NA
9/20/18,Varecia_variegata,1,17:15,119,DEF,Ambavy,6,2,19,30,NA,NA
9/20/18,Varecia_variegata,1,17:37,115,DEF,Kijy,6,1,14,15,NA,NA
9/21/18,Varecia_variegata,1,9:10,94,DEF,Afopotsy,14,3,15,45,NA,NA
9/21/18,Varecia_variegata,1,9:45,88,DEF,Varongy,NA,NA,NA,NA,NA,NA
9/21/18,Varecia_variegata,1,11:22,88,DEF,Longotra,8,3,15,30,NA,NA
9/21/18,Varecia_variegata,1,13:34,129,DEF,Tavolo,13,3,15,50,NA,NA
9/21/18,Varecia_variegata,1,16:52,94,DEF,Afopotsy,4,4,15,45,NA,NA
9/22/18,Varecia_variegata,1,11:33,135,DEF,Afopotsy,8,3,14,45,NA,NA
9/22/18,Varecia_variegata,1,12:38,NA,DEF,Famelona,12,4,15,75,NA,NA
9/22/18,Varecia_variegata,1,15:08,94,DEF,Afopotsy,11,4,15,75,NA,NA
9/24/18,Varecia_variegata,1,9:17,95,DEF,Afopotsy,9,4,14,25,NA,30
9/24/18,Varecia_variegata,1,10:20,95,DEF,Afopotsy,12,4,15,25,NA,30
9/24/18,Varecia_variegata,1,11:27,94,DEF,Afopotsy,8,3,17,45,NA,70
9/24/18,Varecia_variegata,1,15:08,103,DEF,Antavaratra,4,2,14,25,NA,35
9/25/18,Varecia_variegata,1,9:22,104,DEF,Afopotsy,4,2,15,30,NA,40
9/25/18,Varecia_variegata,1,10:38,115,DEF,Vahy,12,4,16,45,NA,40
9/25/18,Varecia_variegata,1,11:45,94,DEF,Afopotsy,10,4,16,75,NA,70
9/25/18,Varecia_variegata,1,15:36,103,DEF,Vahy,7,4,14,35,NA,50
9/25/18,Varecia_variegata,1,17:07,119,DEF,Ambavy,9,4,16,75,NA,80
9/26/18,Varecia_variegata,1,10:04,86,DEF,Afopotsy,8,4,15,10,NA,20
9/26/18,Varecia_variegata,1,10:28,86,DEF,Afopotsy,11,5,16,15,NA,20
9/26/18,Varecia_variegata,1,11:19,86,DEF,Afopotsy,6,4,16,10,NA,20
9/26/18,Varecia_variegata,1,13:10,NA,DEF,Vahy,10,3,14,45,NA,50
9/26/18,Varecia_variegata,1,14:00,86,DEF,Afopotsy,7,4,17,45,NA,30
9/26/18,Varecia_variegata,1,15:09,94,DEF,Ambavy,3,2,14,75,NA,80
9/27/18,Varecia_variegata,1,10:36,97,DEF,Afopotsy,13,5,18,30,NA,35
9/27/18,Varecia_variegata,1,11:30,105,DEF,Arina,9,4,18,30,NA,35
9/27/18,Varecia_variegata,1,13:00,119,DEF,Ambavy,9,4,16,45,NA,55
9/27/18,Varecia_variegata,1,16:30,119,DEF,Ambavy,8,4,15,45,NA,50
9/28/18,Varecia_variegata,1,8:22,104,DEF,Afopotsy,7,3,14,30,NA,20
9/28/18,Varecia_variegata,1,9:38,103,DEF,Antavaratra,8,3,15,35,NA,25
9/28/18,Varecia_variegata,1,10:47,119,DEF,Ambavy,12,4,15,75,NA,80
9/28/18,Varecia_variegata,1,10:52,119,DEF,Ambavy,10,4,15,75,NA,80
9/28/18,Varecia_variegata,1,12:45,94,DEF,Famelona,3,2,15,40,NA,50
9/28/18,Varecia_variegata,1,16:07,119,DEF,Ambavy,5,3,17,75,NA,70
9/29/18,Varecia_variegata,1,13:45,84,DEF,Ramy,14,5,15,60,NA,70
9/29/18,Varecia_variegata,1,15:10,94,DEF,Afopotsy,9,3,15,30,NA,35
9/29/18,Varecia_variegata,1,16:50,119,DEF,Ambavy,4,2,15,70,NA,75
9/29/18,Varecia_variegata,1,16:58,119,DEF,Ambavy,3,2,15,70,NA,75
9/29/18,Varecia_variegata,1,17:52,116,DEF,Tavolo,8,3,14,45,NA,50
10/1/18,Varecia_variegata,1,8:53,146,DEF,Ambavy,8,4,14,25,NA,30
10/1/18,Varecia_variegata,1,9:10,146,DEF,Ambavy,13,5,15,25,NA,30
10/1/18,Varecia_variegata,1,10:24,97,DEF,Arina,6,4,16,40,NA,55
10/1/18,Varecia_variegata,1,13:36,88,DEF,Longotra,2,4,16,60,NA,70
10/1/18,Varecia_variegata,1,16:30,84,DEF,Ampana,9,4,18,40,NA,60
10/1/18,Varecia_variegata,1,17:48,NA,DEF,Varongy,7,3,13,25,NA,40
10/2/18,Varecia_variegata,1,11:15,97,DEF,Afopotsy,9,4,17,30,NA,40
10/2/18,Varecia_variegata,1,12:38,NA,DEF,Famelona,4,2,15,75,NA,90
10/2/18,Varecia_variegata,1,15:35,86,DEF,Afopotsy,4,2,15,30,NA,40
10/2/18,Varecia_variegata,1,16:54,117,DEF,Varongy,7,3,17,25,NA,35
10/3/18,Varecia_variegata,1,8:49,14,DEF,Hazondomoina,6,2,8,75,NA,80
10/3/18,Varecia_variegata,1,13:04,12,DEF,Menavahatra,13,5,17,75,NA,65
10/3/18,Varecia_variegata,1,13:17,12,DEF,Famelona,11,4,19,80,NA,90
10/3/18,Varecia_variegata,1,13:34,18,DEF,Vahy,9,2,14,25,NA,35
10/3/18,Varecia_variegata,1,13:44,18,DEF,Vahy,5,2,14,25,NA,35
10/3/18,Varecia_variegata,1,14:50,26,DEF,Voamboana,9,5,18,20,NA,25
10/3/18,Varecia_variegata,1,15:12,29,DEF,Ambavy,7,4,18,20,NA,25
10/3/18,Varecia_variegata,1,15:45,26,DEF,Voamboana,9,4,18,15,NA,20
10/3/18,Varecia_variegata,1,15:48,26,DEF,Voamboana,12,6,18,15,NA,20
10/3/18,Varecia_variegata,1,16:02,26,DEF,Voambalandina,9,0.5,8,3,NA,5
10/3/18,Varecia_variegata,1,16:31,9,DEF,Ambavy,8,4,16,30,NA,40
10/3/18,Varecia_variegata,1,16:55,24,DEF,Rotra,4,2,16,50,NA,55
10/4/18,Varecia_variegata,1,10:15,34,DEF,Longotra,6,3,15,30,NA,40
10/4/18,Varecia_variegata,1,13:03,15,DEF,Ampana,14,6,19,30,NA,25
10/4/18,Varecia_variegata,1,13:13,12,DEF,Famelona,8,4,16,75,NA,80
10/4/18,Varecia_variegata,1,13:21,12,DEF,Famelona,7,4,19,75,NA,80
10/4/18,Varecia_variegata,1,14:23,10,DEF,Afopotsy,8,4,14,50,NA,55
10/4/18,Varecia_variegata,1,14:30,39,DEF,Faraloatra,4,2,12,25,NA,35
10/4/18,Varecia_variegata,1,15:11,40,DEF,Vahy,10,2,10,10,NA,5
10/4/18,Varecia_variegata,1,15:40,14,DEF,Hazondomoina,5,0.5,10,75,NA,65
10/4/18,Varecia_variegata,1,15:58,31,DEF,Famelona,7,4,17,25,NA,30
10/4/18,Varecia_variegata,1,16:26,14,DEF,Hazondomoina,8,4,15,25,NA,30
10/4/18,Varecia_variegata,1,17:13,3,DEF,Varongy,5,2,12,50,NA,55
10/4/18,Varecia_variegata,1,17:32,9,DEF,Ambavy,4,2,19,30,NA,25
10/4/18,Varecia_variegata,1,17:37,9,DEF,Ambavy,7,3,18,30,NA,25
10/5/18,Varecia_variegata,1,8:17,9,DEF,Ambavy,10,4,16,25,NA,30
10/5/18,Varecia_variegata,1,9:07,9,DEF,Ambavy,13,6,19,25,NA,30
10/5/18,Varecia_variegata,1,9:45,48,DEF,Afopotsy,11,4,14,35,NA,45
10/5/18,Varecia_variegata,1,10:53,15,DEF,Ampana,7,8,19,20,NA,30
10/5/18,Varecia_variegata,1,14:38,5,DEF,Afopotsy,9,4,15,55,NA,45
10/5/18,Varecia_variegata,1,16:18,9,DEF,Ambavy,4,2,15,70,NA,75
10/5/18,Varecia_variegata,1,16:56,32,DEF,Antavaratra,10,3,15,15,NA,20
10/5/18,Varecia_variegata,1,17:20,32,DEF,Antavaratra,6,2,15,15,NA,20
10/6/18,Varecia_variegata,1,9:40,9,DEF,Ambavy,10,3,16,70,NA,60
10/6/18,Varecia_variegata,1,14:19,5,DEF,Afopotsy,14,5,15,50,NA,50
10/6/18,Varecia_variegata,1,14:51,5,DEF,Afopotsy,11,3,17,50,NA,50
10/6/18,Varecia_variegata,1,16:18,44,DEF,Afopotsy,11,3,15,55,NA,65
10/8/18,Varecia_variegata,1,14:10,15,DEF,Ampana,10,7,21,70,NA,75
10/8/18,Varecia_variegata,1,15:34,9,DEF,Ambavy,7,4,17,50,NA,60
10/8/18,Varecia_variegata,1,16:52,17,DEF,Afopotsy,8,3,14,30,NA,40
10/9/18,Varecia_variegata,1,11:25,16,DEF,Longotra,14,4,16,40,NA,45
10/9/18,Varecia_variegata,1,13:19,9,DEF,Ambavy,9,4,17,30,NA,40
10/9/18,Varecia_variegata,1,14:08,NA,DEF,Tavolo,2,2,14,75,NA,85
10/9/18,Varecia_variegata,1,14:54,NA,DEF,Volomborona,NA,NA,13,50,NA,40
10/9/18,Varecia_variegata,1,15:36,5,DEF,Afopotsy,5,3,17,50,NA,60
10/10/18,Varecia_variegata,1,10:54,44,DEF,Arina,10,4,17,35,NA,45
10/10/18,Varecia_variegata,1,12:09,9,DEF,Ambavy,7,3,15,25,NA,30
10/10/18,Varecia_variegata,1,13:12,5,DEF,Afopotsy,9,4,18,20,NA,30
10/10/18,Varecia_variegata,1,14:38,54,DEF,Hazondomoina,5,4,16,10,NA,20
10/10/18,Varecia_variegata,1,16:10,15,DEF,Ampana,8,5,35,45,NA,NA
10/31/18,Varecia_variegata,2,NA,NA,NA,NA,NA,NA,NA,NA,NA,NA
11/1/18,Varecia_variegata,2,10:16,57,DEF,Ramy,NA,NA,NA,NA,NA,NA
11/1/18,Varecia_variegata,2,14:10,58,DEF,Ramy,NA,NA,NA,NA,NA,NA
11/1/18,Varecia_variegata,2,14:33,NA,DEF,NA,NA,NA,NA,NA,NA,NA
11/1/18,Varecia_variegata,2,14:59,60,DEF,Afopotsy,NA,3,NA,NA,NA,NA
11/1/18,Varecia_variegata,2,15:00,60,DEF,Arina,NA,NA,NA,NA,NA,NA
11/1/18,Varecia_variegata,2,15:10,60,DEF,NA,NA,NA,NA,NA,NA,NA
11/1/18,Varecia_variegata,2,15:51,63,P,Ravinala,NA,NA,NA,NA,NA,NA
11/2/18,Varecia_variegata,2,8:08,NA,DEF,NA,NA,NA,NA,NA,NA,NA
11/2/18,Varecia_variegata,2,14:30,58,DEF,Ramy,NA,NA,19,NA,NA,NA
11/2/18,Varecia_variegata,2,16:15,70,DEF,Afopotsy,NA,NA,30,NA,NA,NA
11/5/18,Varecia_variegata,2,9:22,74,DEF,Tavolo,7,4,18,50,NA,55
11/5/18,Varecia_variegata,2,10:38,70,DEF,Afopotsy,12,5,31,25,NA,35
11/5/18,Varecia_variegata,2,13:23,58,DEF,Ramy,10,5,20,75,Afopotsy,80
11/6/18,Varecia_variegata,2,10:11,78,DEF,Afopotsy,12,4,17,40,Afopotsy,45
11/6/18,Varecia_variegata,2,10:18,78,DEF,Afopotsy,8,4,17,40,Afopotsy,45
11/6/18,Varecia_variegata,2,10:34,79,DEF,Nantoafotra,15,6,22,75,Afopotsy,80
11/6/18,Varecia_variegata,2,10:10,80,DEF,Voapaka,7,3,15,20,Afopotsy,15
11/6/18,Varecia_variegata,2,12:19,78,DEF,Afopotsy,8,4,17,50,Afopotsy,60
11/6/18,Varecia_variegata,2,14:50,58,DEF,Ramy,7,4,19,30,Afopotsy,40
11/6/18,Varecia_variegata,2,16:10,71,DEF,Ambavy,4,2,17,30,Afopotsy,35
11/7/18,Varecia_variegata,2,9:10,78,DEF,Afopotsy,12,4,17,20,Afopotsy,30
11/7/18,Varecia_variegata,2,12:43,78,DEF,Afopotsy,4,2,18,20,Afopotsy,30
11/7/18,Varecia_variegata,2,17:11,71,DEF,Ambavy,10,4,17,30,NA,20
11/8/18,Varecia_variegata,2,9:45,82,DEF,Tavolo,8,5,20,25,NA,35
11/8/18,Varecia_variegata,2,10:38,81,DEF,Kijy,4,2,15,20,NA,15
11/8/18,Varecia_variegata,2,11:52,71,DEF,Ambavy,3,2,17,60,NA,50
11/8/18,Varecia_variegata,2,13:50,78,DEF,Afopotsy,4,3,16,30,Afopotsy,20
11/8/18,Varecia_variegata,2,13:58,78,DEF,Afopotsy,NA,4,16,30,Afopotsy,20
11/8/18,Varecia_variegata,2,14:57,80,DEF,Voapaka,4,2,17,25,Afopotsy,20
11/9/18,Varecia_variegata,2,14:38,71,DEF,Ambavy,9,4,17,60,NA,50
11/9/18,Varecia_variegata,2,16:39,78,DEF,Afopotsy,12,4,18,30,NA,40
11/10/18,Varecia_variegata,2,16:38,78,DEF,Afopotsy,4,2,16,30,NA,20
11/12/18,Varecia_variegata,2,12:00,85,DEF,Ramy,7,3,18,45,Antavaratra,50
11/12/18,Varecia_variegata,2,15:30,78,DEF,NA,5,2,18,35,Afopotsy,42
11/13/18,Varecia_variegata,2,10:45,57,DEF,Ramy,9,3,18,40,Afopotsy,50
11/13/18,Varecia_variegata,2,13:00,82,DEF,Tavolo,NA,6,20,35,Afopotsy,45
11/13/18,Varecia_variegata,2,16:15,60,P,Afopotsy,NA,NA,NA,NA,NA,NA
11/14/18,Varecia_variegata,2,9:00,58,DEF,Ramy,7,2,19,64,NA,58
11/14/18,Varecia_variegata,2,11:45,86,DEF,Antavaratra,4,3,18,35,Antavaratra,45
11/14/18,Varecia_variegata,2,13:45,78,DEF,Afopotsy,2,5,19,25,Afopotsy,35
11/14/18,Varecia_variegata,2,14:15,78,P,Afopotsy,NA,NA,NA,NA,NA,NA
11/15/18,Varecia_variegata,2,16:15,89,DEF,Tavolo,5,4,18,38,NA,27
11/15/18,Varecia_variegata,2,16:45,90,DEF,Ramy,3,2,16,24,NA,28
11/16/18,Varecia_variegata,2,12:45,76,DEF,Tafanala,6,3,23,84,NA,77
11/16/18,Varecia_variegata,2,15:15,89,DEF,Volomborona,4,2,20,35,NA,40
11/17/18,Varecia_variegata,2,13:30,90,DEF,Ramy,3,2,19,35,NA,27
11/17/18,Varecia_variegata,2,16:30,93,DEF,Afopotsy,NA,5,4,19,NA,NA
11/19/18,Varecia_variegata,2,13:22,93,DEF,Afopotsy,8,4,16,30,Afopotsy,20
11/19/18,Varecia_variegata,2,16:23,89,DEF,Volomborona,9,4,17,20,NA,30
11/20/18,Varecia_variegata,2,9:38,89,DEF,Volomborona,5,4,17,60,NA,50
11/20/18,Varecia_variegata,2,10:22,90,DEF,Ramy,2,3,18,40,NA,50
11/20/18,Varecia_variegata,2,17:23,86,DEF,NA,5,3,18,30,Antavaratra,20
11/21/18,Varecia_variegata,2,9:10,99,DEF,Antavaratra,5,4,18,20,Antavaratra,10
11/21/18,Varecia_variegata,2,13:08,99,DEF,Antavaratra,3,4,18,10,Antavaratra,10
11/21/18,Varecia_variegata,2,15:24,89,DEF,NA,8,4,16,30,NA,40
11/22/18,Varecia_variegata,2,9:54,85,DEF,Ramy,4,4,19,55,NA,60
11/22/18,Varecia_variegata,2,11:20,58,DEF,Ramy,3,5,17,50,NA,45
11/22/18,Varecia_variegata,2,12:53,71,DEF,Ambavy,2,4,18,30,NA,20
11/22/18,Varecia_variegata,2,14:19,71,DEF,Vandrika,0,0,14,10,NA,20
11/22/18,Varecia_variegata,2,16:27,71,DEF,Ambavy,3,4,18,20,Vandrika,30
11/23/18,Varecia_variegata,2,8:41,71,DEF,Vandrika,2,4,14,20,Vandrika,30
11/23/18,Varecia_variegata,2,9:34,102,DEF,Ambavy,4,5,18,10,NA,20
11/23/18,Varecia_variegata,2,10:23,102,DEF,Ambavy,3,3,17,10,NA,20
11/23/18,Varecia_variegata,2,15:15,80,DEF,Voapaka,3,4,14,10,NA,20
11/23/18,Varecia_variegata,2,16:12,71,DEF,Antavaratra,4,5,24,60,NA,50
11/24/18,Varecia_variegata,2,14:12,58,DEF,Ramy,4,3,23,30,NA,40
11/24/18,Varecia_variegata,2,16:08,80,DEF,Voapaka,3,4,14,10,NA,20
11/26/18,Varecia_variegata,2,9:16,103,DEF,Rotramena,4,2,16,64,Rotramena,50
11/26/18,Varecia_variegata,2,9:20,103,DEF,Rotramena,2,0.5,9,30,Rotramena,NA
11/26/18,Varecia_variegata,2,13:05,102,DEF,Ambora,NA,NA,NA,58,Rotramena,49
11/26/18,Varecia_variegata,2,16:15,110,DEF,NA,NA,NA,12,71,NA,68
11/26/18,Varecia_variegata,2,17:25,114,P,Ramy,NA,NA,NA,NA,NA,NA
11/27/18,Varecia_variegata,2,10:15,102,DEF,Kijy,NA,3,16,56,Rotramena,49
11/27/18,Varecia_variegata,2,13:30,102,DEF,Kijy,NA,2,20,58,Rotramena,62
11/27/18,Varecia_variegata,2,14:45,110,DEF,Kijy,NA,3,12,44,Rotramena,52
11/27/18,Varecia_variegata,2,17:30,108,DEF,Ramy,NA,4,NA,45,Rotramena,48
11/28/18,Varecia_variegata,2,9:30,109,DEF,Rotramena,3,3,12,29,Rotramena,35
11/28/18,Varecia_variegata,2,10:30,108,DEF,Ramy,5,2,19,45,Rotramena,50
11/28/18,Varecia_variegata,2,10:37,108,P,Ramy,NA,NA,NA,NA,NA,NA
11/28/18,Varecia_variegata,2,12:05,85,DEF,Ramy,2,1,17,71,NA,80
11/28/18,Varecia_variegata,2,12:32,118,P,Hazompoza,NA,NA,NA,NA,NA,NA
11/28/18,Varecia_variegata,2,16:20,102,DEF,Kijy,4,2,19,62,Rotramena,58
11/29/18,Varecia_variegata,2,9:15,103,DEF,Rotramena,2,3,16,42,Rotramena,55
11/29/18,Varecia_variegata,2,9:47,85,DEF,Ramy,1,2,15,17,Rotramena,80
11/29/18,Varecia_variegata,2,11:33,85,P,Ramy,NA,NA,NA,NA,NA,NA
11/29/18,Varecia_variegata,2,13:25,108,DEF,Ramy,3,4,15,47,Rotramena,50
11/29/18,Varecia_variegata,2,17:12,108,DEF,Ramy,3,3,16,47,Ramy,50
11/30/18,Varecia_variegata,2,9:16,125,DEF,Kijy,3,2,11,25,NA,35
11/30/18,Varecia_variegata,2,11:15,126,DEF,Ramy,2,2,16,85,NA,72
11/30/18,Varecia_variegata,2,13:18,128,DEF,Vivaona,1,1,19,91,NA,99
12/1/18,Varecia_variegata,2,13:18,76,DEF,Tafanala,1,1,22,78,NA,85
12/1/18,Varecia_variegata,2,15:32,58,DEF,Ramy,2,3,17,50,NA,71
12/1/18,Varecia_variegata,2,16:32,108,DEF,Ramy,1,2,17,52,NA,47
12/1/18,Varecia_variegata,2,17:45,110,DEF,Kijy,3,2,12,70,Kijy,65
12/3/18,Varecia_variegata,2,9:47,138,P,Longotra,NA,NA,NA,NA,NA,NA
12/3/18,Varecia_variegata,2,11:55,141,DEF,Tafanala,5,1,13,50,Dintimena,40
12/3/18,Varecia_variegata,2,11:57,141,DEF,Tafanala,7,0.5,13,50,Dintimena,40
12/3/18,Varecia_variegata,2,12:04,142,DEF,Rotramena,2,0.8,12,5,Rotramena,12
12/3/18,Varecia_variegata,2,13:30,142,DEF,Rotramena,9,0.9,13,61,Rotramena,40
12/3/18,Varecia_variegata,2,14:09,143,P,Tavolo_menalaingo,NA,NA,NA,NA,NA,NA
12/4/18,Varecia_variegata,2,13:22,144,DEF,Menavahatra,8,4,19,25,Rotramena,NA
12/4/18,Varecia_variegata,2,13:55,142,DEF,Rotramena,10,5,14,40,Rotramena,NA
12/4/18,Varecia_variegata,2,14:45,145,DEF,Rotramena,4,3,17,60,Rotramena,NA
12/5/18,Varecia_variegata,2,12:24,147,DEF,Rotramena,7,3,18,30,Rotramena,NA
12/5/18,Varecia_variegata,2,12:53,148,DEF,Rotramena,7,4,19,40,Rotramena,NA
12/5/18,Varecia_variegata,2,15:48,138,DEF,Longotra,4,8,19,60,Rotramena,NA
12/5/18,Varecia_variegata,2,17:23,142,DEF,Rotramena,6,3,14,30,Rotramena,NA
1/9/19,Varecia_variegata,3,NA,NA,NA,NA,NA,NA,NA,NA,NA,NA
1/10/19,Varecia_variegata,3,9:47,1220,DEF,Longotra,1,1,18,85,NA,NA
1/10/19,Varecia_variegata,3,10:37,1221,DEF,Kijy,2,1,17,62,Kijy,NA
1/11/19,Varecia_variegata,3,9:23,1225,DEF,Tsiamanimanimpiso,2,1,17,57,NA,NA
1/11/19,Varecia_variegata,3,10:34,1225,DEF,Rotramena,1,0,19,67,Rotramena,NA
1/11/19,Varecia_variegata,3,12:07,1226,DEF,Kijy,2,1,16,71,Kijy,NA
1/11/19,Varecia_variegata,3,14:00,1227,DEF,Ramy,1,0,17,87,NA,NA
1/12/19,Varecia_variegata,3,9:40,1229,DEF,Kijy,1,0,18,49,Rotramena,NA
1/12/19,Varecia_variegata,3,10:15,1231,DEF,Ramy,2,3,16,53,Robary,NA
1/12/19,Varecia_variegata,3,12:38,1232,DEF,Longotra,6,2,18,50,Rotramena,NA
1/12/19,Varecia_variegata,3,13:10,1232,DEF,Longotra,7,3,18,50,Rotramena,NA
1/12/19,Varecia_variegata,3,16:53,1230,DEF,Robary,3,1,17,30,Rotramena,NA
1/12/19,Varecia_variegata,3,17:53,1231,DEF,Ambavy,2,1,18,60,NA,NA
1/15/19,Varecia_variegata,3,12:24,NA,DEF,Ramy,3,3,22,60,NA,NA
1/15/19,Varecia_variegata,3,12:52,NA,DEF,Afopotsy,2,2,15,50,NA,NA
1/15/19,Varecia_variegata,3,14:39,NA,DEF,Robary,4,3,16,30,Robary,NA
1/15/19,Varecia_variegata,3,16:11,NA,DEF,Kijy,5,3,18,30,Robary,NA
1/15/19,Varecia_variegata,3,16:55,NA,DEF,Karambito,4,4,15,50,Robary,NA
1/16/19,Varecia_variegata,3,9:39,1235,DEF,Vahy,NA,NA,NA,NA,NA,NA
1/16/19,Varecia_variegata,3,9:49,1235,DEF,Merana,10,6,17,40,Tavolo,NA
1/16/19,Varecia_variegata,3,10:00,1236,DEF,Voambalandina,4,2,14,40,Tavolo,NA
1/16/19,Varecia_variegata,3,10:13,1237,DEF,Rotra,4,2,14,40,Tavolo,NA
1/16/19,Varecia_variegata,3,10:52,1241,DEF,Vahy,4,2,16,30,Fandramanana,NA
1/16/19,Varecia_variegata,3,13:23,1243,DEF,Ramy,3,3,19,70,Fandramanana,NA
1/16/19,Varecia_variegata,3,14:27,1243,DEF,Ramy,5,3,20,70,Fandramanana,NA
1/16/19,Varecia_variegata,3,17:40,1231,DEF,Ramy,5,3,19,80,NA,NA
1/17/19,Varecia_variegata,3,10:36,1244,DEF,Longotra,3,5,20,60,NA,NA
1/17/19,Varecia_variegata,3,16:36,1235,DEF,Vahy,12,4,19,40,Tavolo,NA
1/18/19,Varecia_variegata,3,11:12,NA,DEF,Hazoambo,NA,NA,NA,NA,NA,NA
1/18/19,Varecia_variegata,3,13:25,1232,DEF,Longotra,4,3,17,60,Tavolo,NA
1/18/19,Varecia_variegata,3,14:22,1235,DEF,Longotra,5,4,19,60,Tavolo,NA
1/18/19,Varecia_variegata,3,16:37,NA,DEF,Longotra,2,2,14,30,Longotra,NA
1/19/19,Varecia_variegata,3,11:58,NA,DEF,Faraloatra,5,3,18,25,Tavolo,NA
1/19/19,Varecia_variegata,3,14:11,NA,DEF,Karambito,5,2,13,40,NA,NA
1/19/19,Varecia_variegata,3,14:49,NA,DEF,Vahy,7,4,17,40,Vahy,NA
1/19/19,Varecia_variegata,3,16:27,NA,DEF,Fanamo,6,3,12,50,NA,NA
1/19/19,Varecia_variegata,3,17:11,NA,DEF,Tavolo,3,2,17,30,Tavolo,NA
1/21/19,Varecia_variegata,3,15:00,NA,DEF,Tafanala,1,0,19,82,Rotramena,NA
1/21/19,Varecia_variegata,3,16:27,NA,DEF,Tavolo,2,1,16,47,Tavolo,NA
1/21/19,Varecia_variegata,3,17:15,NA,DEF,Longotra,1,0,19,90,Tavolo,NA
1/22/19,Varecia_variegata,3,13:08,NA,DEF,Ramy,2,2,17,63,Afotra_malama,NA
1/22/19,Varecia_variegata,3,14:11,NA,DEF,Afotra_malama,1,0,16,41,Afotra_malama,NA
1/23/19,Varecia_variegata,3,11:27,1248,DEF,Voapaka,2,1,16,45,Rotramena,NA
1/23/19,Varecia_variegata,3,12:32,1248,DEF,Varongy,5,3,18,57,Tavolo,NA
1/23/19,Varecia_variegata,3,16:22,1250,DEF,Longotra,2,2,19,70,Tavolo,NA
1/23/19,Varecia_variegata,3,17:20,1251,DEF,Ambavy,1,0,17,64,Tavolo,NA
1/24/19,Varecia_variegata,3,11:34,1235,DEF,Tavolo,1,0,15,35,Tavolo,NA
1/24/19,Varecia_variegata,3,12:47,1253,DEF,Kininina,2,3,19,52,Tavolo,NA
1/24/19,Varecia_variegata,3,13:40,1254,DEF,Rotramena,1,0,17,65,Rotramena,NA
1/24/19,Varecia_variegata,3,15:45,1254,DEF,Rotramena,3,4,16,65,Rotramena,NA
1/24/19,Varecia_variegata,3,16:33,1255,DEF,Hazompoza,2,3,16,48,Afotra_malama,NA
1/25/19,Varecia_variegata,3,13:35,1256,DEF,Kijy_rano,2,3,18,57,Kijy_rano,NA
1/25/19,Varecia_variegata,3,15:11,1257,DEF,Robary,1,0,16,51,Tavolo,NA
1/25/19,Varecia_variegata,3,16:51,1259,DEF,Etatra,3,3,15,41,NA,NA
1/26/19,Varecia_variegata,3,14:17,1260,DEF,Ramy,3,4,17,67,NA,NA
1/26/19,Varecia_variegata,3,15:34,1261,DEF,Longotra,2,2,16,55,Longotra,NA
1/26/19,Varecia_variegata,3,16:08,1262,DEF,Longotra,NA,NA,NA,NA,NA,NA
1/26/19,Varecia_variegata,3,18:09,1257,DEF,Robary,1,0,16,49,Robary,NA
1/28/19,Varecia_variegata,3,15:53,1260,DEF,Ramy,3,2,17,60,NA,NA
1/29/19,Varecia_variegata,3,13:10,1255,DEF,Ampana,4,2,17,50,Tavolo,NA
1/29/19,Varecia_variegata,3,14:37,NA,DEF,Tavolo,6,2,15,60,Tavolo,NA
1/30/19,Varecia_variegata,3,13:12,1257,DEF,Robary,4,2,18,40,Tavolo,NA
1/30/19,Varecia_variegata,3,15:18,1255,DEF,Ampana,3,3,17,60,NA,NA
1/31/19,Varecia_variegata,3,10:20,1255,DEF,Ampana,NA,NA,NA,NA,NA,NA
1/31/19,Varecia_variegata,3,11:34,1235,DEF,Vahy,3,2,18,45,NA,NA
1/31/19,Varecia_variegata,3,15:23,NA,DEF,Voamboana,7,3,16,70,NA,NA
1/31/19,Varecia_variegata,3,15:36,NA,DEF,Voamboana,3,3,16,70,NA,NA
2/1/19,Varecia_variegata,3,9:08,1255,DEF,Hazompoza,5,3,16,NA,Tavolo,NA
2/1/19,Varecia_variegata,3,10:38,NA,DEF,Ramy,3,5,19,NA,NA,NA
2/1/19,Varecia_variegata,3,11:36,NA,DEF,Varongy,5,4,26,NA,NA,NA
2/2/19,Varecia_variegata,3,9:30,164,DEF,NA,15,5,20,60,NA,NA
2/2/19,Varecia_variegata,3,9:38,164,DEF,NA,13,5,21,60,NA,NA
2/2/19,Varecia_variegata,3,10:40,164,DEF,NA,18,7,22,60,NA,NA
2/2/19,Varecia_variegata,3,13:57,164,DEF,Varongy,14,7,18,70,NA,NA
2/2/19,Varecia_variegata,3,14:49,164,DEF,Oditrovy,22,8,22,60,Oditrovy,NA
2/2/19,Varecia_variegata,3,14:57,164,DEF,Oditrovy,17,7,21,60,Oditrovy,NA
2/2/19,Varecia_variegata,3,15:51,164,DEF,Oditrovy,18,NA,21,60,Oditrovy,NA
2/6/19,Varecia_variegata,3,15:41,169,DEF,Rotra,4,2,19,80,NA,NA
2/6/19,Varecia_variegata,3,15:45,168,DEF,Rotra,NA,4,20,70,NA,NA
2/7/19,Varecia_variegata,3,14:33,174,DEF,Kijy_rano,NA,NA,NA,NA,NA,NA
2/9/19,Varecia_variegata,3,7:40,177,DEF,Varongy,14,5,17,50,Tavolo,NA
2/9/19,Varecia_variegata,3,7:51,179,DEF,Varongy,3,2,21,40,Nanto,NA
2/9/19,Varecia_variegata,3,7:56,176,DEF,Tavolo,3,1,10,30,Nanto,NA
2/9/19,Varecia_variegata,3,12:18,180,DEF,Tavolo,7,2,15,60,NA,NA
2/9/19,Varecia_variegata,3,12:20,180,DEF,Tavolo,3,2,15,60,NA,NA
2/9/19,Varecia_variegata,3,15:09,181,DEF,Rotramena,4,2,17,40,Rotramena,NA
2/9/19,Varecia_variegata,3,15:34,181,DEF,Rotramena,6,2,18,40,Rotramena,NA
2/11/19,Varecia_variegata,3,17:00,185,DEF,Varongy,NA,2,15,30,Vahy,NA
2/11/19,Varecia_variegata,3,17:10,185,DEF,Rotramena,NA,NA,15,30,Vahy,NA
2/12/19,Varecia_variegata,3,14:06,184,DEF,Rotramena,7,3,18,30,Rotramena,NA
2/12/19,Varecia_variegata,3,14:38,184,DEF,Nanto,7,4,19,35,Rotramena,NA
2/12/19,Varecia_variegata,3,16:09,189,DEF,Tafanala,4,4,19,60,Rotramena,NA