Date,FS,NumG,Start,End,GPS,HBM,Activity,Support,Pheno,Numfrui,HTEm,CBH,numSdr,Obs,NumLF
9/6/18,Varecia_variegata,1,11:37,12:00,20,13,FFR,Hazondomoina,1,,15,74.4,NA,NA,
9/6/18,Varecia_variegata,1,12:41,12:45,21,15,FW,Varongy,NA,NA,NA,NA,NA,NA,
9/6/18,Varecia_variegata,1,12:57,13:00,23,15,FFR,Afopotsy,1,8,18,109.2,NA,NA,
9/6/18,Varecia_variegata,1,13:03,13:04,23,15,FFR,Afopotsy,1,6,18,109.2,NA,NA,
9/6/18,Varecia_variegata,1,13:08,13:18,24,8,FFR,Antavaratra,2,15,12,63.6,NA,NA,
9/6/18,Varecia_variegata,1,13:18,13:30,25,12,FW,Famelona,NA,NA,NA,NA,NA,NA,
9/6/18,Varecia_variegata,1,13:31,13:36,26,20,FFR,Afopotsy,2,,20,151.5,NA,NA,
9/6/18,Varecia_variegata,1,15:28,15:51,27,15,FFR,Afopotsy,4,47,18,80,NA,NA,
9/6/18,Varecia_variegata,1,15:52,15:54,27,15,FFR,Afopotsy,4,2,17,80,NA,NA,
9/6/18,Varecia_variegata,1,16:00,16:14,27,16,FFR,Afopotsy,4,34,18,80,NA,NA,
9/6/18,Varecia_variegata,1,16:15,16:24,27,NA,FFR,Afopotsy,4,13,NA,NA,NA,NA,
9/6/18,Varecia_variegata,1,16:24,16:47,28,19,FFR,Antavaratra,2,70,20,96.9,NA,NA,
9/7/18,Varecia_variegata,1,13:15,13:15,31,22,FL,Nanto_ravimboanjo,,NA,NA,NA,NA,Nihinana_raviny_1_dia_nalatsany,
9/7/18,Varecia_variegata,1,14:06,14:11,34,15,FFR,Afopotsy,4,9,18,74.5,NA,Mety_hoe_mbola_somasoma_ny_fruit_haniny,
9/7/18,Varecia_variegata,1,14:12,14:13,34,15,FFR,Afopotsy,4,2,18,74.5,NA,NA,
9/7/18,Varecia_variegata,1,14:16,15:07,34,16,FFR,Afopotsy,4,69,18,74.5,NA,NA,
9/7/18,Varecia_variegata,1,15:29,15:45,35,17,FFR,Afopotsy,1,24,19,103.1,NA,NA,
9/7/18,Varecia_variegata,1,15:47,15:50,35,18,FFR,Afopotsy,1,6,19,103.1,NA,NA,
9/7/18,Varecia_variegata,1,15:51,15:53,35,18,FFR,Afopotsy,1,4,19,103.1,NA,NA,
9/7/18,Varecia_variegata,1,15:55,15:58,35,16,FFR,Afopotsy,1,3,19,103.1,NA,NA,
9/7/18,Varecia_variegata,1,16:05,16:15,36,9,FW,Ampana,NA,NA,NA,NA,NA,NA,
9/8/18,Varecia_variegata,1,12:23,13:06,39,15,FFR,Afopotsy,4,64,18,74.6,NA,NA,NA
9/8/18,Varecia_variegata,1,13:10,13:15,40,10,FW,Tsivakombaratra,NA,NA,NA,NA,NA,NA,NA
9/8/18,Varecia_variegata,1,14:35,14:45,41,16,FFR,Antavaratra,1,21,19,70.1,NA,NA,NA
9/8/18,Varecia_variegata,1,16:15,16:30,42,15,FFR,Afopotsy,4,33,18,74.6,NA,NA,NA
9/10/18,Varecia_variegata,1,10:38,11:30,46,15,FFR,Afopotsy,3,82,18,74.6,NA,NA,NA
9/10/18,Varecia_variegata,1,13:38,14:19,48,15,FFR,Afopotsy,1,24,16,106.1,NA,NA,NA
9/11/18,Varecia_variegata,1,11:14,11:45,52,15,FFR,Afopotsy,2,34,18,74.6,NA,NA,NA
9/11/18,Varecia_variegata,1,13:45,14:15,52,16,FFR,Afopotsy,2,21,18,74.6,NA,NA,NA
9/11/18,Varecia_variegata,1,9:14,9:17,58,10,FW,Hazondomoina,NA,NA,NA,NA,NA,NA,NA
9/11/18,Varecia_variegata,1,9:23,9:28,59,16,FFR,Afopotsy,3,38,18,71,NA,NA,NA
9/11/18,Varecia_variegata,1,9:35,10:21,59,18,FFR,Afopotsy,4,84,20,115.3,NA,NA,NA
9/11/18,Varecia_variegata,1,11:23,11:24,59,19,FFR,Afopotsy,4,3,20,115.3,NA,NA,NA
9/11/18,Varecia_variegata,1,11:25,11:43,59,18,FFR,Afopotsy,4,11,20,115.3,NA,NA,NA
9/11/18,Varecia_variegata,1,11:47,11:50,59,18,FFR,Afopotsy,4,8,20,115.3,NA,NA,NA
9/11/18,Varecia_variegata,1,12:02,12:18,59,19,FFR,Afopotsy,4,17,20,115.3,NA,NA,NA
9/11/18,Varecia_variegata,1,12:19,12:30,59,13,FFR,Afopotsy,2,11,16,71,NA,NA,NA
9/11/18,Varecia_variegata,1,12:31,12:45,60,14,FW,Tavolo,NA,NA,NA,NA,NA,NA,NA
9/11/18,Varecia_variegata,1,14:39,15:30,61,18,FFR,Afopotsy,4,64,20,100.1,NA,NA,NA
9/11/18,Varecia_variegata,1,15:51,16:00,61,18,FFR,Afopotsy,4,31,20,100.1,NA,NA,NA
9/11/18,Varecia_variegata,1,16:18,16:45,63,10,FYL,Tavolo,NA,NA,NA,NA,NA,NA,49
9/13/18,Varecia_variegata,1,8:45,8:51,65,22,FFR,Afopotsy,3,14,22,150,NA,NA,NA
9/13/18,Varecia_variegata,1,11:35,11:49,67,12,FFR,Afopotsy,2,21,30,88,NA,NA,NA
9/13/18,Varecia_variegata,1,11:49,11:53,68,18,FW,Tavolo,NA,NA,NA,NA,NA,NA,NA
9/13/18,Varecia_variegata,1,12:10,12:15,69,15,FFR,Afopotsy,2,26,16,71,NA,NA,NA
9/13/18,Varecia_variegata,1,12:15,12:45,69,14,FFR,Afopotsy,2,48,16,71,NA,NA,NA
9/13/18,Varecia_variegata,1,13:40,13:57,69,15,FFR,Afopotsy,2,6,16,71,NA,NA,NA
9/13/18,Varecia_variegata,1,14:00,14:13,69,13,FFR,Afopotsy,2,17,16,71,NA,NA,NA
9/13/18,Varecia_variegata,1,14:15,14:20,69,12,FFR,Afopotsy,2,10,16,71,NA,NA,NA
9/13/18,Varecia_variegata,1,15:46,16:04,70,17,FFR,Afopotsy,4,23,22,NA,NA,NA,NA
9/13/18,Varecia_variegata,1,16:08,16:42,71,10,FFR,Afopotsy,NA,44,NA,NA,NA,NA,NA
9/13/18,Varecia_variegata,1,16:45,16:46,71,12,FFR,Afopotsy,4,9,NA,102.3,NA,NA,NA
9/13/18,Varecia_variegata,1,16:53,17:00,72,14,FG,Ambavy,NA,1,18,168,NA,NA,NA
9/13/18,Varecia_variegata,1,17:00,17:15,73,15,FYL,Tavolo,NA,24,17,NA,NA,NA,NA
9/14/18,Varecia_variegata,1,8:15,8:29,75,14,FUFR,Antavaratra,3,32,16,150.1,NA,NA,NA
9/14/18,Varecia_variegata,1,8:57,9:15,76,15,FFR,Afopotsy,4,60,17,102.3,NA,NA,NA
9/14/18,Varecia_variegata,1,9:36,9:54,76,13,FFR,Afopotsy,4,30,17,102.3,NA,NA,NA
9/14/18,Varecia_variegata,1,10:00,10:08,76,13,FFR,Afopotsy,4,24,17,102.3,NA,NA,NA
9/14/18,Varecia_variegata,1,11:22,11:30,78,NA,FW,Varongy,NA,NA,NA,NA,NA,NA,NA
9/14/18,Varecia_variegata,1,13:43,13:53,79,19,FFR,Afopotsy,4,20,22,150,NA,NA,NA
9/14/18,Varecia_variegata,1,13:58,14:00,79,20,FFR,Afopotsy,4,3,22,150,NA,NA,NA
9/14/18,Varecia_variegata,1,14:00,14:08,79,21,FFR,Afopotsy,4,7,22,150,NA,NA,NA
9/14/18,Varecia_variegata,1,14:08,14:10,79,21,FFR,Afopotsy,4,2,22,150,NA,NA,NA
9/14/18,Varecia_variegata,1,14:10,14:11,79,21,FFR,Afopotsy,4,2,22,150,NA,NA,NA
9/14/18,Varecia_variegata,1,14:15,14:35,80,18,FFR,Antavaratra,2,35,20,111.3,NA,NA,NA
9/14/18,Varecia_variegata,1,12:35,14:45,80,18,FFR,Antavaratra,2,19,20,111.3,NA,NA,NA
9/14/18,Varecia_variegata,1,15:00,15:21,81,14,FFR,Afopotsy,3,34,18,74.6,NA,NA,NA
9/14/18,Varecia_variegata,1,15:22,15:30,81,14,FFR,Afopotsy,3,20,18,74.6,NA,NA,NA
9/14/18,Varecia_variegata,1,15:31,15:45,81,15,FFR,Afopotsy,3,23,18,74.6,NA,NA,NA
9/14/18,Varecia_variegata,1,15:51,16:03,83,0,FW,Ambony_tany,NA,NA,NA,NA,NA,NA,NA
9/14/18,Varecia_variegata,1,16:38,16:50,85,20,FYL,Ambavy,NA,NA,NA,NA,NA,NA,22
9/14/18,Varecia_variegata,1,17:13,17:15,81,17,FFR,Afopotsy,3,26,18,74.6,NA,NA,NA
9/15/18,Varecia_variegata,1,8:58,9:00,88,15,FW,Varongy,NA,NA,NA,NA,NA,NA,NA
9/15/18,Varecia_variegata,1,11:14,11:15,88,15,FW,Varongy,NA,NA,NA,NA,NA,NA,NA
9/15/18,Varecia_variegata,1,11:17,11:30,89,17,FFR,Afopotsy,3,29,18,83.6,NA,NA,NA
9/15/18,Varecia_variegata,1,11:36,11:45,89,18,FFR,Afopotsy,3,17,18,83.6,NA,NA,NA
9/15/18,Varecia_variegata,1,14:02,14:27,91,15,FFR,Afopotsy,2,35,17,74.2,NA,NA,NA
9/15/18,Varecia_variegata,1,14:38,14:39,89,16,FFR,Afopotsy,3,2,18,83.6,NA,NA,NA
9/15/18,Varecia_variegata,1,14:54,15:00,89,15,FFR,Afopotsy,3,2,18,83.6,NA,NA,NA
9/15/18,Varecia_variegata,1,15:30,15:35,89,15,FFR,Afopotsy,3,2,18,83.6,NA,NA,NA
9/15/18,Varecia_variegata,1,15:37,15:54,86,20,FFR,Afopotsy,2,15,22,150.2,NA,NA,NA
9/15/18,Varecia_variegata,1,16:10,16:41,87,14,FYL,Ambavy,NA,NA,NA,NA,NA,NA,77
9/15/18,Varecia_variegata,1,16:42,16:45,88,NA,FW,Varongy,NA,NA,NA,NA,NA,NA,NA
9/15/18,Varecia_variegata,1,16:46,16:52,86,19,FFR,Afopotsy,2,4,22,150.2,NA,NA,NA
9/15/18,Varecia_variegata,1,16:56,17:30,93,18,FFR,Afopotsy,3,60,21,121.3,NA,NA,NA
9/15/18,Varecia_variegata,1,17:31,17:36,87,16,FYL,Ambavy,NA,NA,NA,NA,NA,NA,15
9/17/18,Varecia_variegata,1,9:13,9:30,95,16,FFR,Afopotsy,2,55,18,74.6,NA,NA,NA
9/17/18,Varecia_variegata,1,12:21,12:30,96,19,FB,Bulbophylum,NA,NA,NA,NA,NA,NA,NA
9/17/18,Varecia_variegata,1,13:45,14:00,86,16,FFR,Afopotsy,2,35,22,150.2,NA,NA,NA
9/17/18,Varecia_variegata,1,15:00,15:01,86,15,FFR,Afopotsy,2,2,22,150.2,NA,NA,NA
9/17/18,Varecia_variegata,1,15:20,15:26,86,19,FFR,Afopotsy,2,11,22,150.2,NA,NA,NA
9/17/18,Varecia_variegata,1,15:30,15:35,86,10,FW,Varongy,NA,NA,NA,NA,NA,NA,NA
9/17/18,Varecia_variegata,1,15:53,16:00,97,20,FFR,Afopotsy,2,11,20,117.3,NA,NA,NA
9/17/18,Varecia_variegata,1,16:11,16:12,95,14,FFR,Afopotsy,2,2,18,74.6,NA,NA,NA
9/17/18,Varecia_variegata,1,16:40,17:00,95,16,FFR,Afopotsy,2,48,18,74.6,NA,NA,NA
9/17/18,Varecia_variegata,1,17:01,17:08,95,16,FFR,Afopotsy,2,16,18,74.6,NA,NA,NA
9/18/18,Varecia_variegata,1,8:38,8:45,NA,NA,FFR,Afopotsy,2,9,NA,NA,NA,NA,NA
9/18/18,Varecia_variegata,1,8:54,9:04,94,19,FFR,Afopotsy,2,28,22,150,NA,NA,NA
9/18/18,Varecia_variegata,1,9:15,9:17,94,19,FFR,Afopotsy,2,8,22,150,NA,NA,NA
9/18/18,Varecia_variegata,1,9:18,9:36,89,17,FFR,Afopotsy,2,37,18,83.6,NA,NA,NA
9/18/18,Varecia_variegata,1,9:37,9:45,88,10,FW,Varongy,NA,NA,NA,NA,NA,NA,NA
9/18/18,Varecia_variegata,1,10:10,10:12,88,10,FW,Varongy,NA,NA,NA,NA,NA,NA,NA
9/18/18,Varecia_variegata,1,10:22,10:29,101,13,FFR,Antavaratra,2,15,20,105.4,NA,NA,NA
9/18/18,Varecia_variegata,1,10:32,10:33,101,16,FFR,Antavaratra,2,3,20,105.4,NA,NA,NA
9/18/18,Varecia_variegata,1,12:00,12:15,89,18,FFR,Antavaratra,2,47,18,83.6,NA,NA,NA
9/18/18,Varecia_variegata,1,13:58,14:00,88,10,FW,Varongy,2,16,22,150,NA,NA,NA
9/18/18,Varecia_variegata,1,14:05,14:10,88,13,FW,Longotra,NA,NA,NA,NA,NA,NA,NA
9/18/18,Varecia_variegata,1,14:10,14:15,94,19,FFR,Afopotsy,2,16,22,150,NA,NA,NA
9/18/18,Varecia_variegata,1,14:19,14:26,101,15,FFR,Antavaratra,2,14,20,105.4,NA,NA,NA
9/18/18,Varecia_variegata,1,14:32,14:45,94,19,FFR,Afopotsy,2,12,22,150,NA,NA,NA
9/18/18,Varecia_variegata,1,15:16,15:23,102,18,FB,Bulbophylum,NA,NA,NA,NA,NA,NA,NA
9/18/18,Varecia_variegata,1,15:23,15:25,94,19,FFR,Afopotsy,2,7,22,150,NA,NA,NA
9/18/18,Varecia_variegata,1,15:45,15:53,103,15,FFR,Antavaratra,1,22,18,169,NA,NA,NA
9/18/18,Varecia_variegata,1,16:12,16:21,104,15,FFR,Afopotsy,2,18,18,69,NA,NA,NA
9/18/18,Varecia_variegata,1,16:22,16:30,104,17,FFR,Afopotsy,1,14,18,83.3,NA,NA,NA
9/18/18,Varecia_variegata,1,16:30,16:45,104,15,FFR,Afopotsy,2,40,19,112.6,NA,NA,NA
9/18/18,Varecia_variegata,1,16:47,17:00,104,18,FFR,Afopotsy,2,21,19,112.6,NA,NA,NA
9/19/18,Varecia_variegata,1,8:15,8:37,104,16,FFR,Afopotsy,2,28,19,112.6,NA,NA,NA
9/19/18,Varecia_variegata,1,8:40,8:37,104,13,FFR,Afopotsy,2,19,18,83.3,NA,NA,NA
9/19/18,Varecia_variegata,1,9:00,9:00,86,20,FFR,Afopotsy,2,2,22,150.2,NA,NA,NA
9/19/18,Varecia_variegata,1,9:28,9:30,106,6,FW,Voambalandina,NA,NA,NA,NA,NA,NA,NA
9/19/18,Varecia_variegata,1,9:35,9:45,83,0,FW,Ambony_tany,NA,NA,NA,NA,NA,NA,NA
9/19/18,Varecia_variegata,1,9:50,10:00,96,20,FFR,Vahy,NA,NA,NA,NA,NA,NA,NA
9/19/18,Varecia_variegata,1,10:57,11:15,107,17,FFR,Afopotsy,2,23,19,120.5,NA,NA,NA
9/19/18,Varecia_variegata,1,11:19,11:30,86,17,FFR,Afopotsy,2,25,22,150.2,NA,NA,NA
9/19/18,Varecia_variegata,1,11:31,11:37,86,21,FFR,Afopotsy,2,10,22,150.2,NA,NA,NA
9/19/18,Varecia_variegata,1,14:43,14:45,83,0,FW,Ambony_tany,NA,NA,NA,NA,NA,NA,NA
9/19/18,Varecia_variegata,1,15:06,15:24,101,15,FFR,Antavaratra,2,17,20,105.4,NA,NA,NA
9/19/18,Varecia_variegata,1,15:57,16:00,94,19,FFR,Afopotsy,2,39,22,150,NA,NA,NA
9/19/18,Varecia_variegata,1,16:15,16:25,94,20,FFR,Afopotsy,2,11,22,150,NA,NA,NA
9/19/18,Varecia_variegata,1,16:26,16:29,94,20,FFR,Afopotsy,2,3,22,150,NA,NA,NA
9/19/18,Varecia_variegata,1,16:47,16:49,90,15,FYL,Ambavy,NA,NA,NA,NA,NA,NA,2
9/19/18,Varecia_variegata,1,16:54,17:00,112,12,FW,Varongy,NA,NA,NA,NA,NA,NA,NA
9/19/18,Varecia_variegata,1,17:03,17:06,113,NA,FB,Bulbophylum,NA,NA,NA,NA,NA,NA,NA
9/19/18,Varecia_variegata,1,17:10,17:15,114,18,FYL,Ambavy,NA,NA,NA,NA,NA,NA,15
9/19/18,Varecia_variegata,1,17:28,17:30,115,10,FW,Varongy,NA,NA,NA,NA,NA,NA,NA
9/19/18,Varecia_variegata,1,17:33,17:38,116,17,FYL,Tavolo,NA,NA,NA,NA,NA,NA,12
9/20/18,Varecia_variegata,1,8:30,8:40,103,16,FFR,Antavaratra,1,14,18,106.9,NA,NA,NA
9/20/18,Varecia_variegata,1,8:52,8:55,103,16,FFR,Antavaratra,1,15,18,106.9,NA,NA,NA
9/20/18,Varecia_variegata,1,8:55,8:56,103,16,FW,Ramy,NA,NA,NA,NA,NA,NA,NA
9/20/18,Varecia_variegata,1,8:58,9:00,112,12,FW,Varongy,NA,NA,NA,NA,NA,NA,NA
9/20/18,Varecia_variegata,1,9:35,9:58,119,19,FYL,Ambavy,NA,NA,NA,NA,NA,NA,68
9/20/18,Varecia_variegata,1,10:02,10:15,119,19,FYL,Ambavy,NA,NA,NA,NA,NA,NA,18
9/20/18,Varecia_variegata,1,10:45,10:45,120,13,FB,Bulbophylum,NA,NA,NA,NA,NA,NA,NA
9/20/18,Varecia_variegata,1,11:04,11:15,NA,NA,FW,Ambony_tany,NA,NA,NA,NA,NA,NA,NA
9/20/18,Varecia_variegata,1,11:15,11:26,122,15,FFR,Afopotsy,1,29,17,100.2,NA,NA,NA
9/20/18,Varecia_variegata,1,11:43,11:45,97,17,FFR,Afopotsy,2,8,19,117.3,NA,NA,NA
9/20/18,Varecia_variegata,1,11:52,11:59,97,17,FFR,Afopotsy,2,15,19,117.3,NA,NA,NA
9/20/18,Varecia_variegata,1,12:00,12:15,97,16,FFR,Afopotsy,2,15,19,117.3,NA,NA,NA
9/20/18,Varecia_variegata,1,13:34,13:42,97,16,FFR,Afopotsy,2,15,19,117.3,NA,NA,NA
9/20/18,Varecia_variegata,1,13:47,13:57,97,16,FFR,Afopotsy,2,15,19,117.3,NA,NA,NA
9/20/18,Varecia_variegata,1,14:50,15:00,86,20,FFR,Afopotsy,2,18,22,150.2,NA,NA,NA
9/20/18,Varecia_variegata,1,15:04,15:12,86,21,FFR,Afopotsy,2,15,22,150.2,NA,NA,NA
9/20/18,Varecia_variegata,1,15:24,15:30,115,12,FW,Varongy,NA,NA,NA,NA,NA,NA,NA
9/20/18,Varecia_variegata,1,15:48,15:58,115,18,FW,Varongy,NA,NA,NA,NA,NA,NA,NA
9/20/18,Varecia_variegata,1,15:58,16:24,107,20,FFR,Afopotsy,2,42,22,120.5,NA,NA,NA
9/20/18,Varecia_variegata,1,16:31,16:53,119,19,FYL,Ambavy,NA,NA,NA,NA,NA,NA,79
9/20/18,Varecia_variegata,1,16:54,17:12,119,NA,FYL,Ambavy,NA,NA,NA,NA,NA,NA,72
9/20/18,Varecia_variegata,1,17:19,17:24,126,18,FL,Vahy,NA,NA,NA,NA,NA,NA,9
9/20/18,Varecia_variegata,1,17:29,17:37,115,12,FW,Varongy,NA,NA,NA,NA,NA,NA,NA
9/20/18,Varecia_variegata,1,17:53,17:56,95,15,FFR,Afopotsy,1,3,18,74.6,NA,NA,NA
9/21/18,Varecia_variegata,1,8:30,9:10,94,19,FFR,Afopotsy,2,73,22,150,NA,NA,NA
9/21/18,Varecia_variegata,1,9:15,9:45,64,16,FFR,Afopotsy,2,48,22,150,NA,NA,NA
9/21/18,Varecia_variegata,1,13:15,13:26,119,14,FYL,Ambavy,NA,NA,NA,NA,NA,NA,44
9/21/18,Varecia_variegata,1,14:27,14:45,130,18,FFR,Antavaratra,2,31,20,11.3,NA,NA,NA
9/21/18,Varecia_variegata,1,15:03,15:15,131,12,FW,Varongy,NA,NA,NA,NA,NA,NA,NA
9/21/18,Varecia_variegata,1,16:22,16:52,94,19,FFR,Afopotsy,2,55,22,150,NA,NA,NA
9/21/18,Varecia_variegata,1,17:15,17:30,115,12,FW,Varongy,NA,NA,NA,NA,NA,NA,NA
9/22/18,Varecia_variegata,1,8:15,8:45,101,17,FFR,Antavaratra,1,14,20,105.4,NA,NA,NA
9/22/18,Varecia_variegata,1,9:06,9:30,132,18,FYL,Ambavy,NA,NA,NA,NA,NA,NA,44
9/22/18,Varecia_variegata,1,10:18,10:30,134,19,FW,Longotra,NA,NA,NA,NA,NA,NA,NA
9/22/18,Varecia_variegata,1,11:00,11:33,135,17,FFR,Afopotsy,2,55,19,103.1,NA,NA,NA
9/22/18,Varecia_variegata,1,11:45,12:00,135,16,FFR,Afopotsy,2,28,19,103.1,NA,NA,NA
9/22/18,Varecia_variegata,1,12:30,12:38,83,0,FW,Ambony_tany,NA,NA,NA,NA,NA,NA,NA
9/22/18,Varecia_variegata,1,14:30,15:08,94,18,FFR,Afopotsy,2,72,22,150,NA,NA,NA
9/22/18,Varecia_variegata,1,15:45,16:00,88,12,FW,Varongy,NA,NA,NA,NA,NA,NA,NA
9/22/18,Varecia_variegata,1,16:45,17:00,115,12,FW,Varongy,NA,NA,NA,NA,NA,NA,NA
9/24/18,Varecia_variegata,1,9:00,9:17,95,16,FFR,Afopotsy,1,14,18,84.6,,,
9/24/18,Varecia_variegata,1,9:19,10:20,95,15,FFR,Afopotsy,1,88,18,84.6,,,
9/24/18,Varecia_variegata,1,10:45,11:15,94,18,FFR,Afopotsy,2,47,22,NA,,,
9/24/18,Varecia_variegata,1,14:30,15:15,119,18,FYL,Ambavy,NA,NA,NA,NA,,,52
9/24/18,Varecia_variegata,1,16:30,17:00,103,15,FFR,Antavaratra,1,41,18,106.9,,,
9/25/18,Varecia_variegata,1,8:30,9:15,104,15,FFR,Afopotsy,1,62,18,86,,,
9/25/18,Varecia_variegata,1,11:00,11:30,94,18,FFR,Afopotsy,2,44,22,150,,,
9/25/18,Varecia_variegata,1,11:45,12:00,94,17,FFR,Afopotsy,2,21,22,150,,,
9/25/18,Varecia_variegata,1,15:15,15:30,103,16,FFR,Antavaratra,1,24,18,106.9,,,
9/25/18,Varecia_variegata,1,16:15,17:00,119,18,FYL,Ambavy,NA,NA,NA,NA,,,48
9/25/18,Varecia_variegata,1,17:15,17:19,119,18,FYL,Ambavy,NA,NA,NA,NA,,,9
9/26/18,Varecia_variegata,1,10:15,10:28,86,17,FFR,Afopotsy,1,15,22,NA,,,
9/26/18,Varecia_variegata,1,10:30,11:15,86,18,FFR,Afopotsy,1,88,22,NA,,,
9/26/18,Varecia_variegata,1,13:30,14:00,86,17,FFR,Afopotsy,1,23,22,86.1,,,
9/26/18,Varecia_variegata,1,14:45,15:00,94,18,FFR,Afopotsy,2,49,22,150,,,
9/26/18,Varecia_variegata,1,15:15,15:30,94,19,FFR,Afopotsy,2,21,22,150,,,
9/26/18,Varecia_variegata,1,16:15,17:00,119,17,FYL,Ambavy,NA,NA,NA,NA,,,64
9/27/18,Varecia_variegata,1,8:15,8:20,89,15,FFR,Afopotsy,1,9,18,83.6,,,
9/27/18,Varecia_variegata,1,8:25,8:25,140,15,FB,Orchids,NA,NA,NA,NA,,,2
9/27/18,Varecia_variegata,1,8:30,9:00,97,18,FFR,Afopotsy,1,51,22,117.3,,,
9/27/18,Varecia_variegata,1,10:20,10:36,97,17,FFR,Afopotsy,1,11,22,117.3,,,
9/27/18,Varecia_variegata,1,10:45,11:00,97,18,FFR,Afopotsy,1,7,22,117.3,,,
9/27/18,Varecia_variegata,1,12:00,12:45,119,19,FYL,Ambavy,NA,NA,NA,NA,,,53
9/27/18,Varecia_variegata,1,16:33,17:00,119,18,FYL,Ambavy,NA,NA,NA,NA,,,24
9/27/18,Varecia_variegata,1,17:43,17:45,83,0,FW,Ambony_tany,NA,NA,NA,NA,,,
9/28/18,Varecia_variegata,1,8:00,8:22,104,15,FFR,Afopotsy,1,24,18,69,,,
9/28/18,Varecia_variegata,1,9:15,9:38,103,14,FFR,Antavaratra,1,13,18,106.9,,,
9/28/18,Varecia_variegata,1,9:45,10:00,103,15,FFR,Antavaratra,1,5,18,106.9,,,
9/28/18,Varecia_variegata,1,10:30,10:47,119,17,FYL,Ambavy,NA,NA,NA,NA,,,29
9/28/18,Varecia_variegata,1,11:25,11:30,140,15,FB,Orchids,NA,NA,NA,NA,,,3
9/28/18,Varecia_variegata,1,13:10,13:15,83,0,FW,Ambony_tany,NA,NA,NA,NA,,,
9/28/18,Varecia_variegata,1,13:45,14:24,94,18,FFR,Afopotsy,1,29,22,150,,,
9/28/18,Varecia_variegata,1,14:45,15:00,140,15,FB,Orchids,NA,NA,NA,NA,,,NA
9/28/18,Varecia_variegata,1,15:30,16:07,119,18,FYL,Ambavy,NA,NA,NA,NA,,,42
9/28/18,Varecia_variegata,1,17:00,17:20,97,15,FFR,Afopotsy,1,19,22,117.3,,,
9/29/18,Varecia_variegata,1,14:30,15:10,94,18,FFR,Afopotsy,1,32,22,150,,,
9/29/18,Varecia_variegata,1,16:20,16:50,119,17,FYL,Ambavy,NA,NA,NA,NA,,,44
9/29/18,Varecia_variegata,1,17:30,17:45,116,15,FL,Tavolo,NA,NA,NA,NA,,,11
10/1/18,Varecia_variegata,1,8:30,8:53,146,14,FYL,Ambavy,NA,NA,NA,NA,,,39
10/1/18,Varecia_variegata,1,9:45,10:00,97,15,FFR,Afopotsy,1,31,18,117.3,,,
10/1/18,Varecia_variegata,1,10:40,10:40,97,18,FG,Arina,NA,1,NA,100.7,,,
10/1/18,Varecia_variegata,1,11:08,11:08,114,15,FB,Orchids,NA,2,NA,NA,,,
10/1/18,Varecia_variegata,1,11:30,12:00,94,18,FFR,Afopotsy,1,29,22,150,,,
10/1/18,Varecia_variegata,1,14:50,14:55,83,0,FW,Ambony_tany,NA,NA,NA,NA,,,
10/1/18,Varecia_variegata,1,17:00,17:30,119,18,FYL,Ambavy,NA,NA,NA,NA,,,75
10/2/18,Varecia_variegata,1,10:30,11:15,97,16,FFR,Afopotsy,1,28,18,117.3,NA,NA,NA
10/2/18,Varecia_variegata,1,12:51,13:00,83,0,FW,Ambony_tany,NA,NA,NA,NA,,,
10/2/18,Varecia_variegata,1,13:15,13:30,94,15,FFR,Afopotsy,1,9,18,96.3,,,
10/2/18,Varecia_variegata,1,15:15,15:33,86,16,FFR,Afopotsy,1,22,22,86.1,,,
10/2/18,Varecia_variegata,1,16:26,16:30,115,12,FW,Varongy,NA,NA,NA,NA,,,
10/2/18,Varecia_variegata,1,17:15,17:45,119,17,FYL,Ambavy,NA,NA,NA,NA,,,36
10/3/18,Varecia_variegata,1,8:15,8:21,9,19,FYL,Ambavy,NA,NA,NA,NA,,,20
10/3/18,Varecia_variegata,1,9:00,9:15,16,15,FFR,Afopotsy,1,8,18,94.6,,,
10/3/18,Varecia_variegata,1,9:15,9:30,17,18,FFR,Afopotsy,1,37,21,150,,,
10/3/18,Varecia_variegata,1,13:24,13:30,16,14,FFR,Afopotsy,1,15,18,94.6,,,
10/3/18,Varecia_variegata,1,14:00,14:15,14,0,FW,Ambony_tany,NA,NA,NA,NA,,,
10/3/18,Varecia_variegata,1,14:23,14:30,15,21,FFR,Vahy,NA,8,NA,NA,,,
10/3/18,Varecia_variegata,1,15:00,15:06,17,19,FFR,Afopotsy,1,16,22,150,,,
10/3/18,Varecia_variegata,1,15:06,15:12,29,18,FYL,Ambavy,NA,NA,NA,NA,,,9
10/3/18,Varecia_variegata,1,15:13,15:15,25,18,FFR,Afopotsy,1,3,19,120.5,,,
10/3/18,Varecia_variegata,1,15:15,15:19,30,16,FFR,Afopotsy,1,2,18,84.2,,,
10/3/18,Varecia_variegata,1,15:19,15:30,25,17,FFR,Afopotsy,1,17,19,120.5,,,
10/3/18,Varecia_variegata,1,15:53,15:56,14,0,FW,Ambony_tany,NA,NA,NA,NA,,,
10/3/18,Varecia_variegata,1,16:04,16:08,29,17,FYL,Ambavy,NA,NA,NA,NA,,,4
10/3/18,Varecia_variegata,1,16:08,16:11,17,19,FFR,Afopotsy,1,10,22,150,,,
10/3/18,Varecia_variegata,1,16:11,16:30,9,`8,FYL,Ambavy,NA,NA,NA,NA,,,73
10/3/18,Varecia_variegata,1,16:40,16:55,25,18,FFR,Afopotsy,1,34,19,120.5,,,
10/3/18,Varecia_variegata,1,17:03,17:15,32,16,FFR,Antavaratra,1,16,18,106.9,,,
10/4/18,Varecia_variegata,1,10:00,10:15,25,18,FFR,Afopotsy,1,13,19,120.5,,,
10/4/18,Varecia_variegata,1,13:09,13:13,12,18,FFR,Vahy,NA,5,NA,NA,,,
10/4/18,Varecia_variegata,1,13:17,13:21,12,20,FFR,Afopotsy,NA,4,NA,NA,,,
10/4/18,Varecia_variegata,1,13:23,13:30,5,19,FFR,Afopotsy,1,5,22,150,,,
10/4/18,Varecia_variegata,1,13:30,13:31,5,19,FFR,Afopotsy,1,4,22,150,,,
10/4/18,Varecia_variegata,1,13:31,13:40,37,18,FFR,Antavaratra,1,9,20,265,,,
10/4/18,Varecia_variegata,1,13:40,14:00,9,16,FYL,Ambavy,NA,NA,NA,NA,,,80
10/4/18,Varecia_variegata,1,14:09,14:23,10,15,FFR,Afopotsy,1,28,18,69,,,
10/4/18,Varecia_variegata,1,14:24,14:30,10,14,FFR,Afopotsy,1,13,19,96.3,,,
10/4/18,Varecia_variegata,1,15:15,15:28,41,10,FL,Fotona,NA,NA,NA,NA,,,10
10/4/18,Varecia_variegata,1,15:28,15:30,42,11,FUFR,Oditrovy,2,17,15,92.3,,,
10/4/18,Varecia_variegata,1,15:41,15:45,14,0,FW,Ambony_tany,NA,NA,NA,NA,,,
10/4/18,Varecia_variegata,1,16:51,17:13,17,15,FFR,Afopotsy,1,44,22,150,,,
10/4/18,Varecia_variegata,1,17:15,17:32,9,17,FYL,Ambavy,NA,NA,NA,NA,,,91
10/4/18,Varecia_variegata,1,17:33,17:17,9,19,FYL,Ambavy,NA,NA,NA,NA,,,37
10/4/18,Varecia_variegata,1,17:38,17:45,9,18,FYL,Ambavy,NA,NA,NA,NA,,,60
10/5/18,Varecia_variegata,1,8:00,8:17,9,18,FYL,Ambavy,NA,NA,NA,NA,,,41
10/5/18,Varecia_variegata,1,8:30,9:07,9,17,FYL,Ambavy,NA,NA,NA,NA,,,79
10/5/18,Varecia_variegata,1,9:15,9:45,44,15,FFR,Afopotsy,1,12,18,117.3,,,
10/5/18,Varecia_variegata,1,10:15,10:30,14,0,FW,Ambony_tany,NA,NA,NA,NA,,,
10/5/18,Varecia_variegata,1,13:15,13:30,14,0,,Ambony_tany,NA,NA,NA,NA,,,
10/5/18,Varecia_variegata,1,14:00,14:38,5,18,FFR,Afopotsy,1,36,22,150,,,
10/5/18,Varecia_variegata,1,15:30,16:18,9,19,FYL,Ambavy,NA,NA,NA,NA,,,79
10/5/18,Varecia_variegata,1,16:45,16:56,32,25,FFR,Antavaratra,1,7,18,106.9,,,
10/5/18,Varecia_variegata,1,17:00,17:20,32,15,FFR,Antavaratra,1,18,18,106.9,,,
10/6/18,Varecia_variegata,1,8:30,9:40,9,16,FYL,Ambavy,NA,NA,NA,NA,,,93
10/6/18,Varecia_variegata,1,10:15,10:30,14,0,FW,Ambony_tany,NA,NA,NA,NA,,,
10/6/18,Varecia_variegata,1,14:00,14:19,5,16,FFR,Afopotsy,1,24,22,150,,,
10/6/18,Varecia_variegata,1,14:30,14:51,5,17,FFR,Afopotsy,1,20,22,150,,,
10/6/18,Varecia_variegata,1,15:45,16:18,44,17,FFR,Afopotsy,1,37,18,117.7,,,
10/6/18,Varecia_variegata,1,17:10,17:30,32,15,FFR,Antavaratra,1,28,18,106.9,,,
10/8/18,Varecia_variegata,1,14:45,15:34,9,18,FYL,Ambavy,NA,NA,NA,NA,,,48
10/8/18,Varecia_variegata,1,15:58,16:00,14,0,FW,Ambony_tany,NA,NA,NA,NA,,,
10/8/18,Varecia_variegata,1,16:20,16:30,17,15,FFR,Afopotsy,1,24,18,74.6,,,
10/9/18,Varecia_variegata,1,12:15,12:30,9,17,FYL,Ambavy,NA,NA,NA,NA,,,13
10/9/18,Varecia_variegata,1,12:45,13:19,9,17,FYL,Ambavy,NA,NA,NA,NA,,,54
10/9/18,Varecia_variegata,1,13:30,13:45,9,18,FYL,Ambavy,NA,NA,NA,NA,,,26
10/9/18,Varecia_variegata,1,15:00,15:36,5,19,FFR,Afopotsy,1,34,22,150,,,
10/9/18,Varecia_variegata,1,16:00,16:15,3,12,FW,Varongy,NA,NA,NA,NA,,,
10/10/18,Varecia_variegata,1,11:30,12:09,9,18,FYL,Ambavy,NA,NA,NA,NA,,,40
10/10/18,Varecia_variegata,1,12:30,12:45,53,17,FFR,Afopotsy,1,8,22,70.1,,,
10/10/18,Varecia_variegata,1,12:45,13:12,5,18,FFR,Afopotsy,1,NA,22,150,,,
10/10/18,Varecia_variegata,1,16:00,16:10,15,19,FB,Orchids,NA,NA,NA,NA,,,3
10/31/18,Varecia_variegata,2,NA,NA,NA,NA,NA,NA,NA,NA,NA,NA,NA,NA,NA
11/1/18,Varecia_variegata,2,14:26,14:33,59,22,FFR,Hetatra,NA,NA,NA,NA,NA,NA,NA
11/1/18,Varecia_variegata,2,14:45,14:59,60,19,FFR,Afopotsy,1,16,22,NA,NA,NA,NA
11/1/18,Varecia_variegata,2,15:48,15:51,63,25,FW,Ravinala,NA,NA,NA,NA,NA,NA,NA
11/1/18,Varecia_variegata,2,16:50,16:55,65,24,FFL,Kijy,4,NA,30,,NA,NA,2
11/2/18,Varecia_variegata,2,9:15,9:30,70,30,FFR,Afopotsy,1,36,34,119,NA,NA,NA
11/2/18,Varecia_variegata,2,14:00,14:15,63,25,FW,Ravinala,,,,,NA,NA,NA
11/2/18,Varecia_variegata,2,15:30,15:45,61,18,FYL,Ambay,NA,NA,24,73,NA,NA,5
11/2/18,Varecia_variegata,2,16:00,16:15,70,30,FFR,Afopotsy,1,22,35,119,NA,NA,NA
11/5/18,Varecia_variegata,2,10:00,10:38,70,30,FFR,Afopotsy,1,48,32,119,NA,NA,NA
11/5/18,Varecia_variegata,2,14:15,14:30,63,24,FW,Ravinala,NA,NA,NA,NA,NA,NA,NA
11/5/18,Varecia_variegata,2,16:45,17:00,65,26,FFL,Kijy,4,NA,30,NA,NA,NA,4
11/6/18,Varecia_variegata,2,10:15,10:18,78,18,FFR,Afopotsy,1,31,20,86,2,NA,NA
11/6/18,Varecia_variegata,2,12:00,12:15,78,18,FFR,Afopotsy,1,24,20,86,,NA,NA
11/6/18,Varecia_variegata,2,13:52,14:00,63,24,FW,Ravinala,NA,NA,NA,NA,NA,NA,NA
11/6/18,Varecia_variegata,2,15:30,16:10,71,18,FYL,Ambavy,NA,NA,NA,NA,NA,NA,75
11/7/18,Varecia_variegata,2,8:30,9:10,78,18,FFR,Afopotsy,1,32,20,86,NA,NA,NA
11/7/18,Varecia_variegata,2,10:10,10:15,63,21,FW,Ravinala,NA,NA,NA,NA,NA,NA,NA
11/7/18,Varecia_variegata,2,12:15,12:43,78,18,FFR,Afopotsy,1,27,20,86,NA,NA,NA
11/7/18,Varecia_variegata,2,16:45,17:11,71,18,FYL,Ambavy,NA,NA,NA,NA,NA,NA,51
11/8/18,Varecia_variegata,2,9:15,9:45,82,20,FYL,Tavolo,NA,NA,22,74,NA,NA,34
11/8/18,Varecia_variegata,2,10:30,10:37,81,17,FFL,Kijy,NA,NA,NA,NA,NA,NA,7
11/8/18,Varecia_variegata,2,11:15,11:52,71,18,FYL,Ambavy,NA,54,NA,NA,NA,NA,
11/8/18,Varecia_variegata,2,13:15,13:50,78,17,FFR,Afopotsy,1,55,20,86,NA,NA,NA
11/9/18,Varecia_variegata,2,14:00,14:38,71,18,FYL,Ambavy,NA,NA,NA,NA,NA,NA,37
11/9/18,Varecia_variegata,2,15:15,15:30,78,18,FFR,Afopotsy,1,28,20,86,2,NA,NA
11/10/18,Varecia_variegata,2,15:40,16:00,84,18,FYL,Tavolo,NA,NA,NA,NA,NA,NA,26
11/10/18,Varecia_variegata,2,16:20,16:38,78,17,FFR,Afopotsy,1,18,20,86,NA,NA,NA
11/12/18,Varecia_variegata,2,9:30,9:45,85,17,FFR,Antavaratra,2,24,19,NA,NA,NA,NA
11/12/18,Varecia_variegata,2,12:15,12:45,86,17,FFR,Antavaratra,2,64,19,NA,NA,NA,NA
11/12/18,Varecia_variegata,2,13:15,13:30,71,18,FYL,Ambavy,NA,NA,NA,NA,NA,NA,52
11/12/18,Varecia_variegata,2,14:00,14:15,65,24,FW,Ravinala,NA,NA,NA,NA,NA,NA,NA
11/12/18,Varecia_variegata,2,14:30,15:00,78,18,FFR,Afopotsy,1,25,20,NA,NA,NA,NA
11/12/18,Varecia_variegata,2,15:45,16:00,65,24,FFL,Kijy,3,NA,30,NA,NA,NA,6
11/13/18,Varecia_variegata,2,13:30,13:43,63,24,FW,Ravinala,NA,NA,NA,NA,NA,NA,NA
11/13/18,Varecia_variegata,2,13:43,14:00,71,18,FYL,Ambavy,NA,NA,NA,NA,NA,NA,35
11/13/18,Varecia_variegata,2,14:15,14:30,78,18,FFR,Afopotsy,1,15,20,NA,NA,NA,NA
11/13/18,Varecia_variegata,2,15:45,16:00,59,22,FFR,Hetatra,NA,NA,NA,NA,NA,NA,NA
11/13/18,Varecia_variegata,2,16:00,16:15,60,19,FFR,Afopotsy,1,25,22,NA,NA,NA,NA
11/14/19,Varecia_variegata,2,11:00,11:15,86,18,FFR,Antavaratra,2,64,21,70,NA,NA,NA
11/14/19,Varecia_variegata,2,11:30,11:45,86,18,FFR,Antavaratra,2,34,21,70,NA,NA,NA
11/14/19,Varecia_variegata,2,12:45,13:00,88,16,FW,Ampana,NA,NA,NA,NA,NA,NA,NA
11/14/19,Varecia_variegata,2,13:30,13:45,78,19,FFR,Afopotsy,1,14,22,,NA,NA,NA
11/15/18,Varecia_variegata,2,14:06,14:15,90,17,FFR,Ramy,1,1,22,150.5,NA,NA,NA
11/15/18,Varecia_variegata,2,16:30,16:45,90,18,FFR,Ramy,1,2,22,150.5,NA,NA,NA
11/15/18,Varecia_variegata,2,17:15,17:30,90,21,FFR,Ramy,NA,NA,NA,NA,NA,NA,NA
11/16/18,Varecia_variegata,2,13:45,14:00,90,22,FFR,Tavolo,NA,NA,NA,NA,NA,NA,NA
11/16/18,Varecia_variegata,2,14:45,15:00,89,21,FFR,Ramy,1,2,22,150.5,NA,NA,NA
11/16/18,Varecia_variegata,2,15:45,16:00,88,16,FW,Ampana,NA,NA,NA,NA,NA,NA,NA
11/17/18,Varecia_variegata,2,11:12,11:39,91,18,FW,Ravinala,NA,NA,NA,NA,NA,NA,NA
11/17/18,Varecia_variegata,2,11:39,11:45,92,17,FFR,Kijy,3,25,27,127.3,NA,NA,NA
11/17/18,Varecia_variegata,2,11:45,12:00,93,16,FFR,Afopotsy,1,15,19,164.6,NA,NA,NA
11/17/18,Varecia_variegata,2,13:00,13:15,90,20,FFR,Ramy,1,2,22,150.5,NA,NA,NA
11/17/18,Varecia_variegata,2,14:15,14:30,92,18,FFR,Kijy,3,45,21,127.3,NA,NA,NA
11/17/18,Varecia_variegata,2,16:00,16:15,93,17,FFR,Afopotsy,1,30,19,164.6,NA,NA,NA
11/17/18,Varecia_variegata,2,16:45,17:00,88,16,FW,Ampana,NA,NA,NA,NA,NA,NA,NA
11/17/18,Varecia_variegata,2,18:00,18:15,86,17,FFR,Antavaratra,2,25,21,70,NA,NA,NA
11/19/18,Varecia_variegata,2,13:00,13:22,93,17,FFR,Afopotsy,1,28,19,164.6,NA,NA,NA
11/19/18,Varecia_variegata,2,15:45,16:28,89,18,FYL,Volomborona,NA,NA,NA,NA,NA,NA,53
11/19/18,Varecia_variegata,2,17:15,17:30,NA,0,FW,Ambony_tany,NA,NA,NA,NA,NA,NA,NA
11/19/18,Varecia_variegata,2,18:00,18:15,86,18,FFR,Antavaratra,1,21,21,70,NA,NA,NA
11/20/18,Varecia_variegata,2,10:15,10:22,90,20,FFR,Ramy,1,1,22,150.5,NA,NA,NA
11/20/18,Varecia_variegata,2,15:30,15:45,72,20,FFL,Kijy,NA,NA,21,NA,NA,NA,9
11/20/18,Varecia_variegata,2,16:19,16:30,63,24,FW,Ravinala,NA,NA,NA,NA,NA,NA,NA
11/20/18,Varecia_variegata,2,16:45,17:23,86,18,FFR,Antavaratra,1,27,22,70,NA,NA,NA
11/21/18,Varecia_variegata,2,8:30,9:10,99,19,FFR,Antavaratra,1,34,21,93.3,NA,NA,NA
11/21/18,Varecia_variegata,2,9:30,9:45,100,15,FW,Varongy,NA,NA,NA,NA,NA,NA,NA
11/21/18,Varecia_variegata,2,12:45,13:08,99,18,FFR,Antavaratra,1,19,21,98.3,NA,NA,NA
11/21/18,Varecia_variegata,2,14:41,15:00,89,17,FYL,Volomborona,NA,NA,NA,NA,NA,NA,73
11/21/18,Varecia_variegata,2,16:30,16:45,88,16,FW,Ampana,NA,NA,NA,NA,NA,NA,
11/22/18,Varecia_variegata,2,12:15,12:53,71,18,FYL,Ambavy,NA,NA,21,NA,NA,NA,77
11/22/18,Varecia_variegata,2,13:45,14:19,71,14,FFR,Vandrika,1,33,16,44.1,2,NA,
11/22/18,Varecia_variegata,2,15:15,15:30,88,16,FW,Ampana,NA,NA,NA,NA,NA,NA,NA
11/22/18,Varecia_variegata,2,15:45,16:27,71,18,FYL,Ambavy,NA,NA,21,NA,NA,NA,81
11/23/18,Varecia_variegata,2,8:30,8:41,71,14,FFR,Vandrika,1,9,16,44.1,NA,NA,
11/23/18,Varecia_variegata,2,9:00,9:34,102,18,FYL,Ambavy,NA,NA,20,NA,NA,NA,85
11/23/18,Varecia_variegata,2,9:45,10:23,102,18,FYL,Ambavy,NA,NA,20,NA,NA,NA,105
11/23/18,Varecia_variegata,2,14:30,15:15,80,14,FYL,Voapaka,NA,NA,16,NA,NA,NA,64
11/23/18,Varecia_variegata,2,17:15,17:45,102,18,FYL,Ambavy,NA,NA,20,NA,NA,NA,89
11/24/18,Varecia_variegata,2,15:30,16:08,80,14,FYL,Voapaka,NA,NA,16,NA,NA,NA,88
11/26/18,Varecia_variegata,2,8:25,8:30,102,17,FFR,Rotramena,4,8,19,154.5,NA,NA,NA
11/26/18,Varecia_variegata,2,8:38,8:45,103,17,FFR,Rotramena,2,9,18,103.4,NA,NA,NA
11/26/18,Varecia_variegata,2,8:45,8:56,103,16,FFR,Rotramena,2,6,18,103.4,2,NA,NA
11/26/18,Varecia_variegata,2,8:27,9:00,103,16,FFR,Rotramena,2,2,18,103.4,1,NA,NA
11/26/18,Varecia_variegata,2,9:17,9:20,103,16,FFR,Rotramena,2,8,18,103.4,,NA,NA
11/26/18,Varecia_variegata,2,13:16,13:27,104,16,FW,Ravinala,NA,NA,NA,NA,NA,NA,NA
11/26/18,Varecia_variegata,2,13:30,13:45,105,NA,FB,Ravinala,NA,NA,NA,NA,NA,NA,NA
11/26/18,Varecia_variegata,2,13:45,13:51,106,9,FYL,Hazompoza,NA,NA,NA,NA,NA,NA,71
11/26/18,Varecia_variegata,2,14:42,14:45,108,16,FFR,Ramy,3,1,17,252,NA,NA,NA
11/26/18,Varecia_variegata,2,15:30,15:38,109,12,FFR,Rotramena,4,15,13,104.2,NA,NA,NA
11/26/18,Varecia_variegata,2,15:48,16:00,110,11,FFR,Kijy,2,14,15,179,NA,NA,NA
11/26/18,Varecia_variegata,2,16:25,16:34,111,17,FW,Ravinala,NA,NA,NA,NA,NA,NA,NA
11/27/18,Varecia_variegata,2,8:30,9:00,103,18,FFR,Rotramena,4,37,18,154.5,NA,NA,NA
11/27/18,Varecia_variegata,2,9:45,10:10,103,17,FFR,Rotramena,4,23,18,154.5,NA,NA,NA
11/27/18,Varecia_variegata,2,10:10,10:15,103,17,FFR,Rotramena,4,4,18,154.5,NA,NA,NA
11/27/18,Varecia_variegata,2,13:45,14:00,102,13,FFR,Rotramena,3,16,19,103.2,NA,NA,NA
11/27/18,Varecia_variegata,2,14:15,14:30,113,16,FW,Ravinala,NA,NA,NA,NA,NA,NA,NA
11/27/18,Varecia_variegata,2,14:45,15:00,111,17,FW,Ravinala,NA,NA,NA,NA,NA,NA,NA
11/27/18,Varecia_variegata,2,15:15,15:30,86,15,FFR,Antavaratra,2,44,17,90,NA,NA,NA
11/27/18,Varecia_variegata,2,15:30,15:45,110,13,FFR,Kijy,2,15,14,179,NA,NA,NA
11/27/18,Varecia_variegata,2,16:30,16:45,109,11,FFR,Rotramena,4,28,13,104.2,NA,NA,NA
11/27/18,Varecia_variegata,2,17:15,17:30,108,18,FFR,Ramy,3,2,17,252,NA,NA,NA
11/27/18,Varecia_variegata,2,18:00,18:15,106,9,FYL,Hazompoza,NA,NA,NA,NA,NA,NA,NA
11/28/18,Varecia_variegata,2,8:02,8:15,86,16,FFR,Antavaratra,2,31,18,90,NA,NA,NA
11/28/18,Varecia_variegata,2,8:30,8:45,86,16,FFR,Antavaratra,2,15,18,90,NA,NA,NA
11/28/18,Varecia_variegata,2,9:15,9:30,109,12,FFR,Rotramena,4,39,13,104.2,NA,NA,NA
11/28/18,Varecia_variegata,2,10:20,10:30,108,19,FFR,Ramy,3,1,17,252,NA,NA,NA
11/28/18,Varecia_variegata,2,12:15,12:07,118,9,FYL,Hazompoza,NA,NA,11,68.2,NA,NA,92
11/28/18,Varecia_variegata,2,13:00,13:09,118,10,FYL,Hazompoza,NA,NA,11,68.2,NA,NA,25
11/28/18,Varecia_variegata,2,13:09,13:11,119,0,FW,Ambony_tany,NA,NA,NA,NA,NA,NA,NA
11/28/18,Varecia_variegata,2,13:15,13:30,106,8,FYL,Hazompoza,NA,NA,NA,NA,NA,NA,5
11/28/18,Varecia_variegata,2,14:07,14:15,102,21,FFR,Rotramena,3,29,21,103.4,NA,NA,NA
11/28/18,Varecia_variegata,2,16:30,16:37,103,17,FFR,Rotramena,3,42,18,103.4,NA,NA,NA
11/28/18,Varecia_variegata,2,16:45,17:09,103,17,FFR,Rotramena,3,18,18,103.4,NA,NA,NA
11/29/18,Varecia_variegata,2,8:05,8:15,102,14,FFR,Rotramena,3,31,19,154.5,NA,NA,NA
11/29/18,Varecia_variegata,2,8:20,8:30,102,14,FFR,Rotramena,3,24,19,154.5,NA,NA,NA
11/29/18,Varecia_variegata,2,8:45,9:00,103,16,FFR,Rotramena,3,15,18,103.4,NA,NA,NA
11/29/18,Varecia_variegata,2,9:18,9:25,111,17,FW,Ravinala,NA,NA,NA,NA,NA,NA,NA
11/29/18,Varecia_variegata,2,9:25,9:30,113,13,FW,Ravinala,NA,NA,NA,NA,NA,NA,NA
11/29/18,Varecia_variegata,2,10:30,10:45,85,15,FFR,Antavaratra,1,11,16,70,NA,NA,NA
11/29/18,Varecia_variegata,2,11:52,12:00,121,12,FW,Rotramena,NA,NA,NA,NA,NA,NA,NA
11/29/18,Varecia_variegata,2,12:20,12:30,109,11,FFR,Rotramena,4,36,13,104.2,NA,NA,NA
11/29/18,Varecia_variegata,2,13:15,13:25,108,15,FFR,Ramy,3,1,18,252,NA,NA,NA
11/29/18,Varecia_variegata,2,16:45,17:00,108,16,FFR,Ramy,3,1,18,252,NA,NA,NA
11/29/18,Varecia_variegata,2,17:30,17:15,118,9,FYL,Hazompoza,NA,NA,11,68.2,NA,NA,85
11/29/18,Varecia_variegata,2,17:47,18:00,118,9,FYL,Hazompoza,NA,NA,11,68.2,NA,NA,36
11/30/18,Varecia_variegata,2,15:00,15:15,102,18.5,FFR,Rotramena,2,5,19,154.5,NA,NA,NA
11/30/18,Varecia_variegata,2,15:30,15:33,102,18.5,FFR,Rotramena,2,13,19,154.5,NA,NA,NA
11/30/18,Varecia_variegata,2,15:40,15:45,131,17,FFR,Rotramena,2,4,18,150,NA,NA,NA
11/30/18,Varecia_variegata,2,15:56,15:58,132,13,FW,Ravinala,NA,NA,NA,NA,NA,NA,NA
11/30/18,Varecia_variegata,2,15:58,16:09,133,14,FW,Ravinala,NA,NA,NA,NA,NA,NA,NA
11/30/18,Varecia_variegata,2,16:21,16:30,135,16,FFR,Rotramena,2,9,17,109,NA,NA,NA
11/30/18,Varecia_variegata,2,16:37,16:42,135,19,FFR,Rotramena,2,8,17,109,NA,NA,NA
11/30/18,Varecia_variegata,2,16:42,16:52,136,19,FFR,Hazompoza,1,4,20,59,NA,NA,NA
11/30/18,Varecia_variegata,2,16:52,16:55,137,13,FT,Gavoala_boboka,NA,NA,NA,NA,NA,NA,NA
12/1/18,Varecia_variegata,2,15:41,15:45,118,9,FYL,Hazompoza,NA,NA,11,68.2,NA,NA,89
12/1/18,Varecia_variegata,2,15:55,16:00,108,17,FFR,Ramy,2,1,18,252,NA,NA,NA
12/1/18,Varecia_variegata,2,16:45,16:48,109,12,FFR,Rotramena,3,25,13,104.2,NA,NA,NA
12/1/18,Varecia_variegata,2,17:07,17:12,123,13,FW,Ravinala,NA,NA,NA,NA,NA,NA,NA
12/1/18,Varecia_variegata,2,17:15,17:30,110,12,FFR,Kijy,2,11,15,179,NA,NA,NA
12/3/18,Varecia_variegata,2,10:20,10:24,139,19,FFR,Rotramena,3,4,20,78,NA,NA,NA
12/3/18,Varecia_variegata,2,12:02,12:04,142,12,FFR,Rotramena,3,4,15,98,NA,NA,NA
12/3/18,Varecia_variegata,2,12:06,12:11,142,11,FFR,Rotramena,3,5,15,98,NA,NA,NA
12/3/18,Varecia_variegata,2,12:11,12:15,142,15,FFR,Rotramena,3,15,15,98,NA,NA,NA
12/3/18,Varecia_variegata,2,12:46,12:51,142,13,FFR,Rotramena,3,14,15,98,NA,NA,NA
12/3/18,Varecia_variegata,2,13:02,13:03,142,13,FFR,Rotramena,3,3,15,98,NA,NA,NA
12/3/18,Varecia_variegata,2,13:20,13:21,142,14,FFR,Rotramena,3,4,15,98,NA,NA,NA
12/3/18,Varecia_variegata,2,15:45,16:00,135,18,FFR,Rotramena,1,4,24,NA,NA,NA,NA
12/4/18,Varecia_variegata,2,13:37,13:55,142,14,FFR,Rotramena,3,7,15,98,NA,NA,NA
12/4/18,Varecia_variegata,2,14:30,14:55,145,17,FFR,Rotramena,4,11,19,100.1,NA,NA,NA
12/5/18,Varecia_variegata,2,11:50,12:15,147,18,FFR,Rotramena,4,9,20,83,NA,NA,NA
12/5/18,Varecia_variegata,2,12:40,12:53,148,20,FFR,Rotramena,3,4,21,87,NA,NA,NA
12/5/18,Varecia_variegata,2,13:00,13:36,148,19,FFR,Rotramena,3,18,21,87,NA,NA,NA
12/5/18,Varecia_variegata,2,17:08,17:23,142,14,FFR,Rotramena,3,5,15,98,NA,NA,NA
1/9/19,Varecia_variegata,3,NA,NA,NA,NA,NA,NA,NA,NA,NA,NA,NA,NA,NA
1/10/19,Varecia_variegata,3,10:00,10:06,1221,16,FFR,Kijy,3,21,19,121,NA,NA,NA
1/10/19,Varecia_variegata,3,10:35,10:37,1221,17,FFR,Kijy,3,11,19,121,NA,NA,NA
1/11/19,Varecia_variegata,3,10:01,10:15,1225,19,FFR,Rotramena,2,31,21,160,NA,NA,NA
1/11/19,Varecia_variegata,3,10:32,10:34,1225,19,FFR,Rotramena,2,17,21,160,NA,NA,NA
1/11/19,Varecia_variegata,3,11:40,11:45,1226,16,FFR,Kijy,3,23,18,120.5,NA,NA,NA
1/12/19,Varecia_variegata,3,9:43,9:45,1230,16,FFR,Robary,3,25,18,90.5,NA,NA,NA
1/12/19,Varecia_variegata,3,9:48,9:50,1231,19,FYL,Ambavy,NA,NA,20,NA,NA,NA,17
1/12/19,Varecia_variegata,3,10:20,10:30,1230,17,FFR,Robary,3,9,18,90.5,NA,NA,NA
1/14/19,Varecia_variegata,3,16:17,16:53,1230,16,FFR,Robary,3,29,18,90.5,NA,NA,NA
1/15/19,Varecia_variegata,3,14:00,14:39,NA,17,FFR,Robary,2,24,19,81.6,NA,NA,NA
1/16/19,Varecia_variegata,3,9:20,9:32,1235,13,FFR,Tavolo,1,14,16,80.4,NA,NA,NA
1/16/19,Varecia_variegata,3,9:32,9:39,1235,16,FFR,Vahy,4,33,NA,NA,NA,NA,NA
1/16/19,Varecia_variegata,3,9:41,9:49,1235,19,FFR,Vahy,4,8,NA,NA,NA,NA,NA
1/16/19,Varecia_variegata,3,9:51,10:00,1236,14,FL,Voambalandina,NA,NA,NA,NA,NA,NA,14
1/16/19,Varecia_variegata,3,10:18,10:30,1238,18,FFR,Vahy,3,9,NA,NA,,,
1/16/19,Varecia_variegata,3,10:35,10:43,1239,18,FL,Voambalandina,NA,NA,NA,NA,NA,NA,NA
1/16/19,Varecia_variegata,3,10:43,10:52,1241,10,FFR,Fandramananana,1,18,12,25.9,,,
1/16/19,Varecia_variegata,3,11:05,11:30,1243,17,FYL,Ambavy,NA,NA,18,NA,NA,NA,18
1/17/29,Varecia_variegata,3,15:00,16:00,1235,15,FFR,Tavolo,1,49,16,80.4,NA,NA,NA
1/17/29,Varecia_variegata,3,16:00,16:36,1235,19,FFR,Vahy,NA,38,NA,NA,NA,NA,NA
1/18/19,Varecia_variegata,3,12:00,12:30,1235,14,FFR,Tavolo,1,21,16,80.4,NA,NA,NA
1/18/19,Varecia_variegata,3,13:00,13:25,1235,18,FFR,Vahy,NA,17,NA,NA,NA,NA,NA
1/18/19,Varecia_variegata,3,15:30,15:45,NA,13,FW,Varongy,,,,,NA,NA,NA
1/18/19,Varecia_variegata,3,16:30,16:37,NA,14,FFR,Longotra,1,2,18,90.9,NA,NA,NA
1/19/19,Varecia_variegata,3,13:36,14:00,NA,14,FW,Varongy,,,,,NA,NA,NA
1/19/19,Varecia_variegata,3,14:15,14:49,NA,16,FFR,Vahy,NA,33,NA,NA,NA,NA,NA
1/19/19,Varecia_variegata,3,15:30,16:00,NA,16,FYL,Ambavy,NA,64,18,NA,NA,NA,NA
1/19/19,Varecia_variegata,3,16:30,17:11,NA,17,FFR,Tavolo,2,24,19,98.3,NA,NA,NA
1/21/19,Varecia_variegata,3,15:30,15:45,NA,17,FYL,Ambavy,NA,NA,19,117,NA,NA,56
1/21/19,Varecia_variegata,3,16:06,16:15,NA,16,FFR,Tavolo,2,22,18,117,NA,NA,NA
1/22/19,Varecia_variegata,3,13:21,13:30,NA,16,FFR,Afotra_malama,3,65,17,57.6,NA,NA,NA
1/22/19,Varecia_variegata,3,15:24,15:27,NA,17,FFR,Robary,3,47,19,80.1,NA,NA,NA
1/22/19,Varecia_variegata,3,16:30,16:45,NA,18,FFR,Robary,3,21,19,80.1,NA,NA,NA
1/22/19,Varecia_variegata,3,17:32,17:45,NA,15,FFR,Fandramananana,2,9,17,49.5,NA,NA,NA
1/23/19,Varecia_variegata,3,19:33,10:45,NA,17,FFR,Tavolo,2,34,19,114,NA,NA,NA
1/23/19,Varecia_variegata,3,12:56,13:00,NA,15,FW,Rotra,,,,,NA,NA,NA
1/23/19,Varecia_variegata,3,14:15,14:30,1250,19,FFR,Longotra,3,5,20,170,NA,NA,NA
1/23/19,Varecia_variegata,3,16:29,16:30,1251,18,FYL,Ambavy,NA,NA,20,120,NA,NA,79
1/23/19,Varecia_variegata,3,17:15,17:18,1251,17,FYL,Ambavy,NA,NA,20,120,NA,NA,37
1/24/19,Varecia_variegata,3,11:15,11:30,1235,15,FFR,Tavolo,2,28,16,80.4,3,NA,NA
1/24/19,Varecia_variegata,3,11:36,11:38,1235,18,FFR,Vahy,NA,49,NA,NA,NA,NA,NA
1/24/19,Varecia_variegata,3,13:35,13:40,1254,17,FFR,Rotramena,1,12,18,70.4,NA,NA,NA
1/24/19,Varecia_variegata,3,16:14,16:15,1255,15,FW,Ampana,NA,NA,NA,NA,NA,NA,NA
1/24/19,Varecia_variegata,3,16:20,16:30,1255,15,FW,Ampana,NA,NA,NA,NA,NA,NA,NA
1/24/19,Varecia_variegata,3,16:30,16:33,1255,16,FYL,Hazompoza,NA,NA,18,NA,NA,NA,95
1/24/19,Varecia_variegata,3,16:55,17:00,1255,16,FYL,Hazompoza,NA,NA,18,NA,NA,NA,38
1/25/19,Varecia_variegata,3,12:25,12:30,1256,18,FFR,Kijy_rano,3,82,20,80.8,NA,NA,NA
1/25/19,Varecia_variegata,3,13:09,13:15,1256,18,FFR,Kijy_rano,3,22,20,80.8,NA,NA,NA
1/25/19,Varecia_variegata,3,13:55,14:00,1257,16,FFR,Robary,2,48,18,73.8,NA,NA,NA
1/25/19,Varecia_variegata,3,14:39,14:45,1257,16,FFR,Robary,2,19,18,73.8,NA,NA,NA
1/25/19,Varecia_variegata,3,15:21,15:30,1258,14,FW,Rotra,NA,NA,NA,NA,NA,NA,NA
1/25/19,Varecia_variegata,3,16:40,16:45,1259,15,FYL,Etatra,NA,NA,17,NA,NA,NA,52
1/26/19,Varecia_variegata,3,14:30,14:33,1261,16,FFR,Longotra,2,37,18,78.1,NA,NA,NA
1/26/19,Varecia_variegata,3,15:15,15:30,1261,15,FFR,Longotra,2,19,18,18.1,NA,NA,NA
1/26/19,Varecia_variegata,3,16:13,16:15,1262,14,FW,Hazondomoina,,,,,NA,NA,NA
1/26/19,Varecia_variegata,3,17:00,17:15,1257,16,FFR,Robary,3,43,18,73.8,NA,NA,NA
1/26/19,Varecia_variegata,3,17:35,17:45,1257,16,FFR,Robary,2,17,18,73.8,NA,NA,NA
1/28/19,Varecia_variegata,3,NA,NA,NA,NA,NA,NA,NA,NA,NA,NA,NA,NA,NA
1/29/19,Varecia_variegata,3,12:27,13:00,1255,17,FYL,Ampana,NA,NA,19,NA,NA,NA,64
1/29/19,Varecia_variegata,3,14:00,14:37,NA,16,FFR,Tavolo,1,17,18,44.5,NA,NA,NA
1/30/19,Varecia_variegata,3,14:36,15:18,1255,17,FYL,Ampana,NA,NA,18,NA,NA,NA,64
1/31/19,Varecia_variegata,3,9:13,9:30,1255,18,FYL,Ampana,NA,NA,19,NA,NA,NA,68
1/31/19,Varecia_variegata,3,10:55,11:15,1235,16,FFR,Tavolo,1,9,16,80.4,,,
1/31/19,Varecia_variegata,3,11:23,11:34,1235,19,FFR,Vahy,NA,NA,NA,NA,NA,NA,NA
1/31/19,Varecia_variegata,3,13:13,13:15,NA,15,FW,Varongy,NA,NA,NA,NA,NA,NA,NA
2/1/19,Varecia_variegata,3,8:45,9:08,1255,16,FYL,Hazompoza,NA,NA,18,NA,NA,NA,27
2/1/19,Varecia_variegata,3,10:50,11:00,NA,15,FW,Varongy,,,,,NA,NA,NA
2/2/19,Varecia_variegata,3,9:06,9:15,164,20,FFR,NA,4,22,23,126.5,NA,NA,NA
2/2/19,Varecia_variegata,3,9:23,9:30,164,20,FFR,NA,4,23,23,126.5,NA,NA,NA
2/2/19,Varecia_variegata,3,9:31,9:38,164,20,FFR,NA,4,22,23,126.5,NA,NA,NA
2/2/19,Varecia_variegata,3,10:07,10:15,164,18,FUFR,Vahy,NA,1,NA,NA,NA,NA,NA
2/2/19,Varecia_variegata,3,10:27,10:15,164,21,FFR,NA,4,43,23,126.5,NA,NA,NA
2/2/19,Varecia_variegata,3,10:45,11:00,164,22,FFR,NA,4,61,23,126.5,NA,NA,NA
2/2/19,Varecia_variegata,3,14:00,14:06,165,14,FFR,Dintimena,2,3,17,196,NA,NA,NA
2/2/19,Varecia_variegata,3,14:13,14:15,165,16,FFR,Dintimena,2,11,17,196,NA,NA,NA
2/2/19,Varecia_variegata,3,14:15,14:49,164,22,FFR,Oditrovy,4,134,23,126.5,7,NA,NA
2/2/19,Varecia_variegata,3,15:09,15:51,164,21,FFR,Oditrovy,4,112,23,126.5,NA,NA,NA
2/6/19,Varecia_variegata,3,15:13,15:15,169,17,FFR,Vahy,NA,9,NA,NA,NA,NA,NA
2/6/19,Varecia_variegata,3,15:29,15:35,169,16,FFR,Vahy,NA,16,NA,NA,NA,NA,NA
2/6/19,Varecia_variegata,3,16:07,16:15,171,20,FFR,Ravanaka,1,4,22,80.4,NA,NA,NA
2/7/19,Varecia_variegata,3,NA,NA,NA,NA,NA,NA,NA,NA,NA,NA,NA,NA,
2/8/19,Varecia_variegata,3,14:00,14:33,174,19,FYL,Kijy_rano,NA,NA,NA,NA,NA,NA,79
2/9/19,Varecia_variegata,3,7:40,7:47,178,17,FFR,Nanto,4,17,19,91.4,NA,NA,NA
2/9/19,Varecia_variegata,3,14:40,15:09,181,17,FFR,Rotramena,3,34,19,94.7,NA,NA,NA
2/9/19,Varecia_variegata,3,15:15,15:34,181,18,FFR,Rotramena,3,29,19,94.7,NA,NA,NA
2/11/19,Varecia_variegata,3,16:47,16:56,185,17,FFR,Vahy,3,32,NA,,NA,NA,NA
2/11/19,Varecia_variegata,3,17:26,17:30,186,18,FFR,Rotramena,2,2,23,178.1,NA,NA,NA
2/11/19,Varecia_variegata,3,17:38,17:45,187,17,FYL,Menahia,NA,NA,NA,NA,NA,NA,5
2/12/19,Varecia_variegata,3,13:41,14:06,184,18,FFR,Rotramena,2,44,20,68.7,NA,NA,NA
2/12/19,Varecia_variegata,3,15:30,16:09,189,19,FFR,Vahy,3,57,NA,NA,NA,NA,NA