,sample_name,plate,sampleID,flag_A,flag_B
248,KEL240A_whole_blood,3,KEL240A,1,0
256,KEL246A_whole_blood,3,KEL246A,1,0
268,KEL255A_whole_blood,3,KEL255A,1,0
269,KEL256A_whole_blood,3,KEL256A,1,0
271,KEL260A_whole_blood,3,KEL260A,1,0
272,KEL262A_whole_blood,3,KEL262A,1,0
273,KEL263A_whole_blood,3,KEL263A,1,0
274,KEL264A_whole_blood,3,KEL264A,1,0
276,KEL265A_whole_blood,4,KEL265A,1,0
281,KEL267A_whole_blood,4,KEL267A,1,0
285,KEL268A_whole_blood,4,KEL268A,1,0
288,KEL269A_whole_blood,4,KEL269A,1,0
291,KEL270A_whole_blood,4,KEL270A,1,0
298,KEL273A_whole_blood,4,KEL273A,1,0
300,KEL274A_whole_blood,4,KEL274A,1,0
301,KEL274A_whole_blood,4,KEL274A,1,0
304,KEL275A_whole_blood,3,KEL275A,1,0
317,KEL280A_whole_blood,3,KEL280A,1,0
324,KEL283A_whole_blood,3,KEL283A,1,0
327,KEL284A_whole_blood,3,KEL284A,1,0
335,KEL287A_whole_blood,3,KEL287A,1,0
337,KEL288A_whole_blood,3,KEL288A,1,0
340,KEL289A_whole_blood,3,KEL289A,1,0
353,KEL294A_whole_blood,3,KEL294A,1,0
225,KEL221B_whole_blood,4,KEL221B,0,1
252,KEL242B_whole_blood,4,KEL242B,0,1
295,KEL272B_urine,2,KEL272B,0,1
305,KEL275B_urine,2,KEL275B,0,1
310,KEL278B_urine,2,KEL278B,0,1
315,KEL279B_urine,2,KEL279B,0,1
318,KEL280B_urine-1,2,KEL280B,0,1
321,KEL281B_urine,2,KEL281B,0,1
325,KEL283B_urine,2,KEL283B,0,1
330,KEL285B_urine,2,KEL285B,0,1
332,KEL286B_urine,2,KEL286B,0,1
346,KEL291B_urine,2,KEL291B,0,1
367,KEL299B_urine,2,KEL299B,0,1
1,AMB106_urine,2,AMB106,0,0
2,AMB116_urine,2,AMB116,0,0
3,AMB122_urine,2,AMB122,0,0
4,AMB123_whole_blood,2,AMB123,0,0
5,AMB124_whole_blood,2,AMB124,0,0
6,AMB125_whole_blood,2,AMB125,0,0
7,AMB126_whole_blood,2,AMB126,0,0
8,AMB127_whole_blood,2,AMB127,0,0
9,AMB128_whole_blood,2,AMB128,0,0
10,AMB129_whole_blood,2,AMB129,0,0
11,AMB130_whole_blood,3,AMB130,0,0
12,AMB131_whole_blood,3,AMB131,0,0
13,AMB132_whole_blood,3,AMB132,0,0
14,AMB133_whole_blood,3,AMB133,0,0
15,AMB134_whole_blood,3,AMB134,0,0
16,AMB135_whole_blood,3,AMB135,0,0
17,AMB136_whole_blood,3,AMB136,0,0
18,AMB137_whole_blood,3,AMB137,0,0
19,AMB138_whole_blood,3,AMB138,0,0
20,AMB139_whole_blood,3,AMB139,0,0
21,AMB140_whole_blood,3,AMB140,0,0
22,AMB141_urine,2,AMB141,0,0
23,AMB141_whole_blood,3,AMB141,0,0
24,AMB142_whole_blood,3,AMB142,0,0
25,AMB143_whole_blood,3,AMB143,0,0
26,AMB144_whole_blood,3,AMB144,0,0
27,AMB145_whole_blood,3,AMB145,0,0
28,AMB146_whole_blood,3,AMB146,0,0
29,AMB147_whole_blood,3,AMB147,0,0
30,AMB148_whole_blood,3,AMB148,0,0
31,AMB149_whole_blood,3,AMB149,0,0
32,AMB15_urine,2,AMB15,0,0
33,AMB150_whole_blood,3,AMB150,0,0
34,AMB151_whole_blood,3,AMB151,0,0
35,AMB152_whole_blood,3,AMB152,0,0
36,AMB153_whole_blood,2,AMB153,0,0
37,AMB153_whole_blood,3,AMB153,0,0
38,AMB154_whole_blood,2,AMB154,0,0
39,AMB155_whole_blood,2,AMB155,0,0
40,AMB156_whole_blood,2,AMB156,0,0
41,AMB157_whole_blood,2,AMB157,0,0
42,AMB159_urine-1,2,AMB159,0,0
43,AMB159_whole_blood,2,AMB159,0,0
44,AMB160_urine,2,AMB160,0,0
45,AMB160_whole_blood,2,AMB160,0,0
46,AMB161_whole_blood,2,AMB161,0,0
47,AMB162_urine,2,AMB162,0,0
48,AMB162_whole_blood,2,AMB162,0,0
49,AMB165_urine,2,AMB165,0,0
50,AMB165_whole_blood,2,AMB165,0,0
51,AMB166_whole_blood,2,AMB166,0,0
52,AMB167_whole_blood,2,AMB167,0,0
53,AMB170_urine,2,AMB170,0,0
54,AMB171_urine,2,AMB171,0,0
55,AMB172_urine,2,AMB172,0,0
56,AMB173_urine,2,AMB173,0,0
57,AMB174_urine,2,AMB174,0,0
58,AMB61_urine,2,AMB61,0,0
59,AMB76_urine,2,AMB76,0,0
60,AMB8_urine,2,AMB8,0,0
61,AMB80_urine,2,AMB80,0,0
62,ANGB122_whole_blood,3,ANGB122,0,0
63,ANGB125_whole_blood,3,ANGB125,0,0
64,ANGB126_whole_blood,3,ANGB126,0,0
65,ANGB127_whole_blood,3,ANGB127,0,0
66,ANGB128_whole_blood,3,ANGB128,0,0
67,ANGB130_whole_blood,4,ANGB130,0,0
68,ANGB131_whole_blood,3,ANGB131,0,0
69,ANGB132_whole_blood,3,ANGB132,0,0
70,ANGB133_whole_blood,4,ANGB133,0,0
71,ANGB134_whole_blood,3,ANGB134,0,0
72,ANGB135_urine,2,ANGB135,0,0
73,ANGB135_whole_blood,3,ANGB135,0,0
74,ANGB136_whole_blood,3,ANGB136,0,0
75,ANGB136_whole_blood,4,ANGB136,0,0
76,ANGB137_urine,2,ANGB137,0,0
77,ANGB137_whole_blood,3,ANGB137,0,0
78,ANGB138_urine,2,ANGB138,0,0
79,ANGB138_whole_blood,3,ANGB138,0,0
80,ANGB139_whole_blood,3,ANGB139,0,0
81,ANGB140_whole_blood,3,ANGB140,0,0
82,ANGB141_urine,2,ANGB141,0,0
83,ANGB141_whole_blood,4,ANGB141,0,0
84,ANGB142_urine,2,ANGB142,0,0
85,ANGB142_whole_blood,3,ANGB142,0,0
86,ANGB144_whole_blood,3,ANGB144,0,0
87,ANGB145_whole_blood,3,ANGB145,0,0
88,ANGB145_whole_blood,4,ANGB145,0,0
89,ANGB146_whole_blood,4,ANGB146,0,0
90,ANGB147_whole_blood,4,ANGB147,0,0
91,ANGB148_whole_blood,3,ANGB148,0,0
92,ANGB149_whole_blood,3,ANGB149,0,0
93,ANGB150_whole_blood,3,ANGB150,0,0
94,ANGB151_whole_blood,3,ANGB151,0,0
95,ANGB153_whole_blood,3,ANGB153,0,0
96,ANGB154_whole_blood,3,ANGB154,0,0
97,ANGB155_urine,2,ANGB155,0,0
98,ANGB156_whole_blood,4,ANGB156,0,0
99,ANGB157_whole_blood,4,ANGB157,0,0
100,ANGB158_urine,2,ANGB158,0,0
101,ANGB158_whole_blood,4,ANGB158,0,0
102,ANGB159_whole_blood,4,ANGB159,0,0
103,ANGB160_whole_blood,4,ANGB160,0,0
104,ANGB161_whole_blood,4,ANGB161,0,0
105,ANGB162_whole_blood,3,ANGB162,0,0
106,ANGB162_whole_blood,4,ANGB162,0,0
107,ANGB163_whole_blood,4,ANGB163,0,0
108,ANGB261_urine,2,ANGB261,0,0
109,KEL?_whole_blood,4,KEL?,0,0
110,KEL140_urine,2,KEL140,0,0
111,KEL141_urine,2,KEL141,0,0
112,KEL148_whole_blood,4,KEL148,0,0
113,KEL149_urine,2,KEL149,0,0
114,KEL149_whole_blood,3,KEL149,0,0
115,KEL150_whole_blood,4,KEL150,0,0
116,KEL151_whole_blood,3,KEL151,0,0
117,KEL151_whole_blood,4,KEL151,0,0
118,KEL152_whole_blood,3,KEL152,0,0
119,KEL153_urine,2,KEL153,0,0
120,KEL153_whole_blood,4,KEL153,0,0
121,KEL153_whole_blood,4,KEL153,0,0
122,KEL154_urine,2,KEL154,0,0
123,KEL154_whole_blood,3,KEL154,0,0
124,KEL155_whole_blood,3,KEL155,0,0
125,KEL156_urine,2,KEL156,0,0
126,KEL156_whole_blood,3,KEL156,0,0
127,KEL157_urine,2,KEL157,0,0
128,KEL157_whole_blood,3,KEL157,0,0
129,KEL158_whole_blood,3,KEL158,0,0
130,KEL159_urine-1,2,KEL159,0,0
131,KEL160_whole_blood,3,KEL160,0,0
132,KEL161_urine,2,KEL161,0,0
133,KEL161_whole_blood,3,KEL161,0,0
134,KEL162_whole_blood,3,KEL162,0,0
135,KEL163_urine,2,KEL163,0,0
136,KEL164_urine,2,KEL164,0,0
137,KEL164_whole_blood,4,KEL164,0,0
138,KEL165_urine,2,KEL165,0,0
139,KEL165_whole_blood,4,KEL165,0,0
140,KEL166_urine,2,KEL166,0,0
141,KEL166_whole_blood,3,KEL166,0,0
142,KEL167_whole_blood,3,KEL167,0,0
143,KEL168_urine,2,KEL168,0,0
144,KEL169_urine,2,KEL169,0,0
145,KEL170_urine,2,KEL170,0,0
146,KEL170_whole_blood,3,KEL170,0,0
147,KEL171_urine,2,KEL171,0,0
148,KEL171_whole_blood,4,KEL171,0,0
149,KEL172_whole_blood,3,KEL172,0,0
150,KEL173_urine,2,KEL173,0,0
151,KEL173_whole_blood,4,KEL173,0,0
152,KEL174_whole_blood,3,KEL174,0,0
153,KEL175_whole_blood,4,KEL175,0,0
154,KEL176_whole_blood,3,KEL176,0,0
155,KEL177_urine,2,KEL177,0,0
156,KEL177_whole_blood,4,KEL177,0,0
157,KEL178_urine,2,KEL178,0,0
158,KEL178_whole_blood,4,KEL178,0,0
159,KEL179_whole_blood,4,KEL179,0,0
160,KEL180_whole_blood,3,KEL180,0,0
161,KEL181_whole_blood,3,KEL181,0,0
162,KEL182_urine,2,KEL182,0,0
163,KEL182_whole_blood,4,KEL182,0,0
164,KEL183_urine,2,KEL183,0,0
165,KEL183_whole_blood,4,KEL183,0,0
166,KEL184_urine,2,KEL184,0,0
167,KEL184_whole_blood,3,KEL184,0,0
168,KEL185_whole_blood,4,KEL185,0,0
169,KEL186_urine,2,KEL186,0,0
170,KEL186_whole_blood,4,KEL186,0,0
171,KEL187_urine,2,KEL187,0,0
172,KEL187_whole_blood,3,KEL187,0,0
173,KEL188_whole_blood,3,KEL188,0,0
174,KEL188_whole_blood,4,KEL188,0,0
175,KEL189_whole_blood,4,KEL189,0,0
176,KEL189_whole_blood,4,KEL189,0,0
177,KEL190_whole_blood,3,KEL190,0,0
178,KEL191_whole_blood,3,KEL191,0,0
179,KEL192_urine,2,KEL192,0,0
180,KEL192_whole_blood,3,KEL192,0,0
181,KEL193_urine,2,KEL193,0,0
182,KEL193_whole_blood,4,KEL193,0,0
183,KEL194_urine,2,KEL194,0,0
184,KEL194_whole_blood,4,KEL194,0,0
185,KEL195_whole_blood,4,KEL195,0,0
186,KEL196_urine,2,KEL196,0,0
187,KEL196_whole_blood,3,KEL196,0,0
188,KEL197_urine,2,KEL197,0,0
189,KEL197_whole_blood,4,KEL197,0,0
190,KEL199_whole_blood,3,KEL199,0,0
191,KEL200_urine,2,KEL200,0,0
192,KEL200_whole_blood,4,KEL200,0,0
193,KEL201_whole_blood,4,KEL201,0,0
194,KEL202_urine,2,KEL202,0,0
195,KEL202_whole_blood,3,KEL202,0,0
196,KEL202_whole_blood,4,KEL202,0,0
197,KEL203_whole_blood,3,KEL203,0,0
198,KEL203_whole_blood,4,KEL203,0,0
199,KEL204_urine,2,KEL204,0,0
200,KEL204_whole_blood,4,KEL204,0,0
201,KEL205_urine,2,KEL205,0,0
202,KEL206_urine,2,KEL206,0,0
203,KEL206_whole_blood,3,KEL206,0,0
204,KEL206_whole_blood,3,KEL206,0,0
205,KEL207_whole_blood,4,KEL207,0,0
206,KEL208_urine,2,KEL208,0,0
207,KEL209_urine,2,KEL209,0,0
208,KEL209_whole_blood,4,KEL209,0,0
209,KEL210_urine,2,KEL210,0,0
210,KEL210_whole_blood,4,KEL210,0,0
211,KEL211_urine,2,KEL211,0,0
212,KEL211_whole_blood,4,KEL211,0,0
213,KEL212_urine,2,KEL212,0,0
214,KEL213_whole_blood,3,KEL213,0,0
215,KEL214_whole_blood,4,KEL214,0,0
216,KEL215_whole_blood,3,KEL215,0,0
217,KEL216_urine,2,KEL216,0,0
218,KEL216_whole_blood,3,KEL216,0,0
219,KEL218_whole_blood,3,KEL218,0,0
220,KEL219_whole_blood,3,KEL219,0,0
221,KEL219_whole_blood,4,KEL219,0,0
222,KEL220_urine,2,KEL220,0,0
223,KEL220_whole_blood,3,KEL220,0,0
224,KEL220_whole_blood,4,KEL220,0,0
226,KEL223_urine,2,KEL223,0,0
227,KEL223_whole_blood,3,KEL223,0,0
228,KEL225_whole_blood,4,KEL225,0,0
229,KEL226_urine,2,KEL226,0,0
230,KEL227_urine,2,KEL227,0,0
231,KEL227_whole_blood,4,KEL227,0,0
232,KEL228_urine,2,KEL228,0,0
233,KEL228_whole_blood,4,KEL228,0,0
234,KEL229_whole_blood,4,KEL229,0,0
235,KEL230_urine,2,KEL230,0,0
236,KEL230_whole_blood,4,KEL230,0,0
237,KEL232_urine,2,KEL232,0,0
238,KEL232_whole_blood,3,KEL232,0,0
239,KEL233_whole_blood,3,KEL233,0,0
240,KEL234_urine-1,2,KEL234,0,0
241,KEL234_whole_blood,3,KEL234,0,0
242,KEL235_urine,2,KEL235,0,0
243,KEL235_whole_blood,4,KEL235,0,0
244,KEL236_urine,2,KEL236,0,0
245,KEL237_whole_blood,3,KEL237,0,0
246,KEL239_whole_blood,4,KEL239,0,0
247,KEL240_whole_blood,4,KEL240,0,0
249,KEL241_whole_blood,4,KEL241,0,0
250,KEL242_urine,2,KEL242,0,0
251,KEL242_whole_blood,4,KEL242,0,0
253,KEL243_whole_blood,4,KEL243,0,0
254,KEL243_whole_blood,4,KEL243,0,0
255,KEL245_urine,2,KEL245,0,0
257,KEL247_urine,2,KEL247,0,0
258,KEL247_whole_blood,3,KEL247,0,0
259,KEL248_urine,2,KEL248,0,0
260,KEL248_whole_blood,3,KEL248,0,0
261,KEL249_whole_blood,3,KEL249,0,0
262,KEL250_urine,2,KEL250,0,0
263,KEL250_whole_blood,3,KEL250,0,0
264,KEL251_whole_blood,3,KEL251,0,0
265,KEL252_whole_blood,3,KEL252,0,0
266,KEL253_whole_blood,3,KEL253,0,0
267,KEL254_whole_blood,3,KEL254,0,0
270,KEL259_urine,2,KEL259,0,0
275,KEL265_urine,2,KEL265,0,0
277,KEL266_whole_blood,2,KEL266,0,0
278,KEL266_whole_blood,4,KEL266,0,0
279,KEL267_urine,2,KEL267,0,0
280,KEL267_whole_blood,2,KEL267,0,0
282,KEL268_urine,2,KEL268,0,0
283,KEL268_whole_blood,2,KEL268,0,0
284,KEL268_whole_blood,3,KEL268,0,0
286,KEL269_urine,2,KEL269,0,0
287,KEL269_whole_blood,2,KEL269,0,0
289,KEL270_urine,2,KEL270,0,0
290,KEL270_whole_blood,2,KEL270,0,0
292,KEL271_urine,2,KEL271,0,0
293,KEL271_whole_blood,2,KEL271,0,0
294,KEL272_whole_blood,2,KEL272,0,0
296,KEL273_urine,2,KEL273,0,0
297,KEL273_whole_blood,2,KEL273,0,0
299,KEL274_whole_blood,2,KEL274,0,0
302,KEL275_urine,2,KEL275,0,0
303,KEL275_whole_blood,2,KEL275,0,0
306,KEL276_whole_blood,2,KEL276,0,0
307,KEL277_whole_blood,2,KEL277,0,0
308,KEL278_urine,2,KEL278,0,0
309,KEL278_whole_blood,2,KEL278,0,0
311,KEL279_urine,2,KEL279,0,0
312,KEL279_whole_blood,2,KEL279,0,0
313,KEL279_whole_blood,4,KEL279,0,0
314,KEL279_whole_blood,4,KEL279,0,0
316,KEL280_whole_blood,2,KEL280,0,0
319,KEL281_whole_blood,2,KEL281,0,0
320,KEL281_whole_blood,4,KEL281,0,0
322,KEL282_whole_blood,4,KEL282,0,0
323,KEL283_whole_blood,4,KEL283,0,0
326,KEL284_whole_blood,4,KEL284,0,0
328,KEL285_urine,2,KEL285,0,0
329,KEL285_whole_blood,4,KEL285,0,0
331,KEL286_whole_blood,3,KEL286,0,0
333,KEL287_urine,2,KEL287,0,0
334,KEL287_whole_blood,3,KEL287,0,0
336,KEL288_whole_blood,3,KEL288,0,0
338,KEL289_urine,2,KEL289,0,0
339,KEL289_whole_blood,3,KEL289,0,0
341,KEL290_urine,2,KEL290,0,0
342,KEL290_whole_blood,4,KEL290,0,0
343,KEL291_urine,2,KEL291,0,0
344,KEL291_whole_blood,4,KEL291,0,0
345,KEL291_whole_blood,4,KEL291,0,0
347,KEL292_whole_blood,2,KEL292,0,0
348,KEL292_whole_blood,4,KEL292,0,0
349,KEL293_urine,2,KEL293,0,0
350,KEL293_whole_blood,2,KEL293,0,0
351,KEL293_whole_blood,4,KEL293,0,0
352,KEL294_whole_blood,2,KEL294,0,0
354,KEL295_urine,2,KEL295,0,0
355,KEL295_whole_blood,2,KEL295,0,0
356,KEL295_whole_blood,4,KEL295,0,0
357,KEL296_urine,2,KEL296,0,0
358,KEL296_whole_blood,2,KEL296,0,0
359,KEL296_whole_blood,4,KEL296,0,0
360,KEL297_whole_blood,4,KEL297,0,0
361,KEL297_whole_blood-1,2,KEL297,0,0
362,KEL298_urine,2,KEL298,0,0
363,KEL298_whole_blood,2,KEL298,0,0
364,KEL298_whole_blood-2,2,KEL298,0,0
365,KEL299_urine,2,KEL299,0,0
366,KEL299_whole_blood,2,KEL299,0,0
368,KEL305_urine,2,KEL305,0,0
369,KEL305_whole_blood,2,KEL305,0,0
370,KEL306_urine,2,KEL306,0,0
371,KEL306_whole_blood,2,KEL306,0,0
372,KEL307_whole_blood,2,KEL307,0,0
373,KEL308_whole_blood,2,KEL308,0,0
374,KEL309_urine,2,KEL309,0,0
375,KEL309_whole_blood,2,KEL309,0,0
376,KEL310_urine,2,KEL310,0,0
377,KEL311_whole_blood,2,KEL311,0,0
378,KEL312_urine,2,KEL312,0,0
379,KEL312_whole_blood,3,KEL312,0,0
380,KEL313_whole_blood,3,KEL313,0,0
381,KEL314_whole_blood,3,KEL314,0,0
382,KEL315_urine,2,KEL315,0,0
383,KEL315_whole_blood,3,KEL315,0,0
384,KEL316_whole_blood,4,KEL316,0,0
385,KEL317_urine,2,KEL317,0,0
386,KEL317_whole_blood,4,KEL317,0,0
387,KEL318_urine,2,KEL318,0,0
388,KEL318_whole_blood,4,KEL318,0,0
389,KEL319_whole_blood,4,KEL319,0,0
390,KEL320_whole_blood,3,KEL320,0,0
391,KEL321_whole_blood,3,KEL321,0,0
392,KEL322_urine,2,KEL322,0,0
393,KEL322_whole_blood,3,KEL322,0,0
394,KEL323_whole_blood,3,KEL323,0,0
395,KEL324_whole_blood,4,KEL324,0,0
396,KEL325_whole_blood,4,KEL325,0,0
397,KEL328_whole_blood,4,KEL328,0,0
398,KEL331_whole_blood,4,KEL331,0,0
399,KEL334_urine,2,KEL334,0,0
400,KEL334_whole_blood,4,KEL334,0,0
401,KEL335_whole_blood,4,KEL335,0,0
402,KEL390_whole_blood,2,KEL390,0,0
403,MAH1_urine,2,MAH1,0,0
404,MAH10_urine-1,2,MAH10,0,0
405,MAH11_urine,2,MAH11,0,0
406,MAH12_urine,2,MAH12,0,0
407,MAH3_urine,2,MAH3,0,0
408,MAH4_urine,2,MAH4,0,0
409,MAH6_urine,2,MAH6,0,0
410,MAH7_urine,2,MAH7,0,0
411,MAK12_urine,2,MAK12,0,0
412,MAK13_urine,2,MAK13,0,0
413,MARO43_urine,2,MARO43,0,0
414,MARO66_urine,2,MARO66,0,0
415,MARO7_urine,2,MARO7,0,0
416,MARO79_urine,2,MARO79,0,0
417,MARO8_urine,2,MARO8,0,0
418,MIZ135_whole_blood,3,MIZ135,0,0
419,MIZ136_urine,2,MIZ136,0,0
420,MIZ136_whole_blood,3,MIZ136,0,0
421,MIZ137_whole_blood,3,MIZ137,0,0
422,MIZ138_whole_blood,3,MIZ138,0,0
423,MIZ139_whole_blood,3,MIZ139,0,0
424,MIZ140_whole_blood,3,MIZ140,0,0
425,MIZ141_whole_blood,3,MIZ141,0,0
426,MIZ142_urine,2,MIZ142,0,0
427,MIZ142_whole_blood,3,MIZ142,0,0
428,MIZ143_urine,2,MIZ143,0,0
429,MIZ143_whole_blood,3,MIZ143,0,0
430,MIZ144_urine,2,MIZ144,0,0
431,MIZ145_whole_blood,3,MIZ145,0,0
432,MIZ146_whole_blood,3,MIZ146,0,0
433,MIZ147_whole_blood,3,MIZ147,0,0
434,MIZ148_whole_blood,2,MIZ148,0,0
435,MIZ149_whole_blood,2,MIZ149,0,0
436,MIZ150_whole_blood,2,MIZ150,0,0
437,MIZ151_urine,2,MIZ151,0,0
438,MIZ151_urine,2,MIZ151,0,0
439,MIZ151_whole_blood,2,MIZ151,0,0
440,MIZ152_urine,2,MIZ152,0,0
441,MIZ152_whole_blood,3,MIZ152,0,0
442,MIZ159_whole_blood,3,MIZ159,0,0
443,MIZ161_whole_blood,3,MIZ161,0,0
444,MIZ162_whole_blood,3,MIZ162,0,0
445,MIZ164_whole_blood,2,MIZ164,0,0
446,MIZ165_whole_blood,2,MIZ165,0,0
447,MIZ166_whole_blood,2,MIZ166,0,0
448,MIZ167_whole_blood,2,MIZ167,0,0
449,MIZ168_urine,2,MIZ168,0,0
450,MIZ168_whole_blood,3,MIZ168,0,0
451,MIZ168_whole_blood,3,MIZ168,0,0
452,MIZ169_whole_blood,3,MIZ169,0,0
453,MIZ169_whole_blood,3,MIZ169,0,0
454,MIZ170_whole_blood,3,MIZ170,0,0
455,MIZ170_whole_blood,3,MIZ170,0,0
456,MIZ171_whole_blood,3,MIZ171,0,0
457,MIZ171_whole_blood,3,MIZ171,0,0
458,MIZ172_whole_blood,3,MIZ172,0,0
459,MIZ173_whole_blood,3,MIZ173,0,0
460,MIZ174_whole_blood,3,MIZ174,0,0
461,MIZ175_whole_blood,3,MIZ175,0,0
462,MIZ176_whole_blood,3,MIZ176,0,0
463,MIZ177_whole_blood,3,MIZ177,0,0
464,MIZ178_whole_blood,3,MIZ178,0,0
465,MIZ179_whole_blood,3,MIZ179,0,0
466,MIZ180_whole_blood,3,MIZ180,0,0
467,MIZ181_urine-2,2,MIZ181,0,0
468,MIZ181_whole_blood,3,MIZ181,0,0
469,MIZ182_whole_blood,3,MIZ182,0,0
470,MIZ183_whole_blood,3,MIZ183,0,0
471,MIZ184_urine,2,MIZ184,0,0
472,MIZ184_whole_blood,3,MIZ184,0,0
473,MIZ185_whole_blood,3,MIZ185,0,0
474,MIZ186_whole_blood,3,MIZ186,0,0
475,MIZ187_whole_blood,3,MIZ187,0,0
476,MIZ188_urine,2,MIZ188,0,0
477,MIZ188_whole_blood,3,MIZ188,0,0
478,MIZ189_whole_blood,3,MIZ189,0,0
479,MIZ190_urine,2,MIZ190,0,0
480,MIZ190_whole_blood,3,MIZ190,0,0
481,MIZ191_whole_blood,3,MIZ191,0,0
482,MIZ192_whole_blood,2,MIZ192,0,0
483,MIZ192_whole_blood,3,MIZ192,0,0
484,MIZ193_whole_blood,3,MIZ193,0,0
485,MIZ194_whole_blood,3,MIZ194,0,0
486,MIZ195_urine,2,MIZ195,0,0
487,MIZ195_whole_blood,3,MIZ195,0,0
488,MIZ196_whole_blood,3,MIZ196,0,0
489,MIZ197_whole_blood,3,MIZ197,0,0
490,MIZ198_whole_blood,3,MIZ198,0,0
491,MIZ199_whole_blood,3,MIZ199,0,0
492,MIZ200_whole_blood,3,MIZ200,0,0
493,MIZ201_whole_blood,3,MIZ201,0,0
494,MIZ202_whole_blood,3,MIZ202,0,0
495,MIZ203_whole_blood,3,MIZ203,0,0
496,MIZ204_whole_blood,3,MIZ204,0,0
497,MIZ205_whole_blood,3,MIZ205,0,0
498,MIZ206_whole_blood,3,MIZ206,0,0
499,MIZ207_urine,2,MIZ207,0,0
500,MIZ207_whole_blood,3,MIZ207,0,0
501,MIZ208_urine,2,MIZ208,0,0
502,MIZ208_whole_blood,3,MIZ208,0,0
503,MIZ209_whole_blood,3,MIZ209,0,0
504,MIZ210_whole_blood,3,MIZ210,0,0
505,MIZ211_whole_blood,3,MIZ211,0,0
506,MIZ212_whole_blood,3,MIZ212,0,0
507,MIZ213_whole_blood,3,MIZ213,0,0
508,MIZ214_whole_blood,4,MIZ214,0,0
509,MIZ215_whole_blood,4,MIZ215,0,0
510,MIZ216_whole_blood,4,MIZ216,0,0
511,MIZ217_whole_blood,2,MIZ217,0,0
512,MIZ218_whole_blood,3,MIZ218,0,0
513,MIZ219_whole_blood,4,MIZ219,0,0
514,MIZ220_whole_blood,4,MIZ220,0,0
515,MIZ221_whole_blood,2,MIZ221,0,0
516,MIZ222_whole_blood,3,MIZ222,0,0
517,MIZ223_whole_blood,3,MIZ223,0,0
518,MIZ224_whole_blood,4,MIZ224,0,0
519,MIZ225_urine,2,MIZ225,0,0
520,MIZ225_whole_blood,4,MIZ225,0,0
521,MIZ226_whole_blood,4,MIZ226,0,0
522,MIZ227_whole_blood,4,MIZ227,0,0
523,MIZ228_whole_blood,3,MIZ228,0,0
524,MIZ229_whole_blood,4,MIZ229,0,0
525,MIZ230_whole_blood,3,MIZ230,0,0
526,MIZ231_whole_blood,2,MIZ231,0,0
527,MIZ232_whole_blood,2,MIZ232,0,0
528,MIZ233_whole_blood,4,MIZ233,0,0
529,MIZ234_whole_blood,2,MIZ234,0,0
530,MIZ235_whole_blood,4,MIZ235,0,0
531,MIZ236_urine,2,MIZ236,0,0
532,MIZ236_whole_blood,2,MIZ236,0,0
533,MIZ237_whole_blood,3,MIZ237,0,0
534,MIZ238_whole_blood,4,MIZ238,0,0
535,MIZ239_whole_blood,3,MIZ239,0,0
536,MIZ240_whole_blood,4,MIZ240,0,0
537,MIZ242_whole_blood,4,MIZ242,0,0
538,MIZ243_whole_blood,4,MIZ243,0,0
539,MIZ244_whole_blood,3,MIZ244,0,0
540,MIZ245_whole_blood,3,MIZ245,0,0
541,MIZ246_whole_blood,3,MIZ246,0,0
542,MIZ247_whole_blood,3,MIZ247,0,0
543,MIZ248_whole_blood,3,MIZ248,0,0
544,MIZ249_whole_blood,3,MIZ249,0,0
545,MIZ250_whole_blood-1,3,MIZ250,0,0
546,MIZ250_whole_blood-2,3,MIZ250,0,0
547,MIZ260_urine,2,MIZ260,0,0
548,MIZ260_whole_blood,2,MIZ260,0,0
549,MIZ261_urine,2,MIZ261,0,0
550,MIZ261_whole_blood,2,MIZ261,0,0
551,MIZ262_urine,2,MIZ262,0,0
552,MIZ262_whole_blood,4,MIZ262,0,0
553,MIZ264_whole_blood,4,MIZ264,0,0
554,MIZ265_urine,2,MIZ265,0,0
555,MIZ265_whole_blood,4,MIZ265,0,0
556,MIZ266_whole_blood,4,MIZ266,0,0
557,MIZ267_urine,2,MIZ267,0,0
558,MIZ267_whole_blood,4,MIZ267,0,0
559,MIZ269_whole_blood,4,MIZ269,0,0
560,MIZ270_whole_blood,3,MIZ270,0,0
561,MIZ271_urine,2,MIZ271,0,0
562,MIZ271_whole_blood,3,MIZ271,0,0
563,MIZ273_whole_blood,3,MIZ273,0,0
564,MIZ274_urine,2,MIZ274,0,0
565,MIZ274_whole_blood,3,MIZ274,0,0
566,MIZ275_urine-1,2,MIZ275,0,0
567,MIZ275_urine-2,2,MIZ275,0,0
568,MIZ275_whole_blood,4,MIZ275,0,0
569,MIZ276_whole_blood,4,MIZ276,0,0
570,MIZ277_urine,2,MIZ277,0,0
571,MIZ277_whole_blood,4,MIZ277,0,0
572,MIZ278_urine,2,MIZ278,0,0
573,MIZ278_whole_blood,4,MIZ278,0,0
574,MIZ279_urine,2,MIZ279,0,0
575,MIZ279_whole_blood,4,MIZ279,0,0
576,MIZ280_urine,2,MIZ280,0,0
577,MIZ280_whole_blood,4,MIZ280,0,0
578,MIZ281_urine,2,MIZ281,0,0
579,MIZ281_urine-1,2,MIZ281,0,0
580,MIZ281_whole_blood,4,MIZ281,0,0
581,MIZ282_whole_blood,4,MIZ282,0,0
582,MIZ283_whole_blood,4,MIZ283,0,0
583,MIZ284_whole_blood,4,MIZ284,0,0
584,MIZ285_whole_blood,4,MIZ285,0,0
585,MIZ290_whole_blood,4,MIZ290,0,0
586,MIZ291_urine-1,2,MIZ291,0,0
587,MIZ291_whole_blood,3,MIZ291,0,0
588,MIZ292_urine,2,MIZ292,0,0
589,MIZ292_whole_blood,3,MIZ292,0,0
590,MIZ293_urine,2,MIZ293,0,0
591,MIZ293_whole_blood,3,MIZ293,0,0
592,MIZ294_urine,2,MIZ294,0,0
593,MIZ294_whole_blood,3,MIZ294,0,0
594,MIZ295_urine,2,MIZ295,0,0
595,MIZ295_whole_blood,3,MIZ295,0,0
596,MIZ297_urine,2,MIZ297,0,0
597,MIZ297_whole_blood,3,MIZ297,0,0
598,MIZ298_urine-1,2,MIZ298,0,0
599,MIZ298_urine-2,2,MIZ298,0,0
600,MIZ298_whole_blood,3,MIZ298,0,0
601,MIZ300_urine-1,2,MIZ300,0,0
602,MIZ300_urine-2,2,MIZ300,0,0
603,MIZ300_whole_blood,4,MIZ300,0,0
604,MIZ301_whole_blood,4,MIZ301,0,0
605,MIZ302_whole_blood,4,MIZ302,0,0
606,MIZ304_whole_blood,4,MIZ304,0,0
607,MIZ305_urine,2,MIZ305,0,0
608,MIZ305_urine-1,2,MIZ305,0,0
609,MIZ305_whole_blood,4,MIZ305,0,0
610,MIZ306_whole_blood,4,MIZ306,0,0
611,MIZ307_whole_blood,3,MIZ307,0,0
612,MIZ308_whole_blood,3,MIZ308,0,0
613,MIZ309_whole_blood,3,MIZ309,0,0
614,MIZ315_urine,2,MIZ315,0,0
615,MIZ316_urine,2,MIZ316,0,0
616,MIZ316_whole_blood,4,MIZ316,0,0
617,MIZ317_whole_blood,4,MIZ317,0,0
618,MIZ318_urine,2,MIZ318,0,0
619,MIZ318_whole_blood,4,MIZ318,0,0
620,MIZ319_whole_blood,4,MIZ319,0,0
621,MIZ320_whole_blood,4,MIZ320,0,0
622,MIZ321_whole_blood,4,MIZ321,0,0
623,MIZ322_urine,2,MIZ322,0,0
624,MIZ322_whole_blood,4,MIZ322,0,0
625,MIZ329_whole_blood,4,MIZ329,0,0
626,MIZ330_whole_blood,4,MIZ330,0,0
627,MIZ331_whole_blood,4,MIZ331,0,0
628,MIZ332_whole_blood,4,MIZ332,0,0
629,MIZ333_whole_blood,4,MIZ333,0,0
630,MIZ334_whole_blood,4,MIZ334,0,0
631,MIZ338_urine,2,MIZ338,0,0
632,MIZ338_whole_blood,4,MIZ338,0,0
633,MIZ339_whole_blood,4,MIZ339,0,0
634,MIZ340_urine,2,MIZ340,0,0
635,MIZ340_whole_blood,4,MIZ340,0,0
636,MIZ341_whole_blood,3,MIZ341,0,0
637,MIZ342_urine,2,MIZ342,0,0
638,MIZ342_whole_blood,3,MIZ342,0,0
639,MIZ3443_whole_blood,3,MIZ3443,0,0
640,MIZ345_urine,2,MIZ345,0,0
641,MIZ346_whole_blood,3,MIZ346,0,0
642,MIZ347_whole_blood,3,MIZ347,0,0
643,MIZ348_whole_blood,3,MIZ348,0,0
644,MIZ349_whole_blood,3,MIZ349,0,0
645,MIZ350_whole_blood,3,MIZ350,0,0
646,MIZ351_urine,2,MIZ351,0,0
647,MIZ351_whole_blood,3,MIZ351,0,0
648,MIZ352_urine,2,MIZ352,0,0
649,MIZ352_whole_blood,3,MIZ352,0,0
650,MIZ352_whole_blood,3,MIZ352,0,0
651,MIZ353_whole_blood,3,MIZ353,0,0
652,MIZ353_whole_blood,3,MIZ353,0,0
653,MIZ354_whole_blood,3,MIZ354,0,0
654,MIZ354_whole_blood,3,MIZ354,0,0
655,MIZ355_urine,2,MIZ355,0,0
656,MIZ355_whole_blood,3,MIZ355,0,0
657,MIZ356_whole_blood,3,MIZ356,0,0
658,MIZ357_urine,2,MIZ357,0,0
659,MIZ357_whole_blood,3,MIZ357,0,0
660,MIZ358_whole_blood,3,MIZ358,0,0
661,MIZ359_urine,2,MIZ359,0,0
662,MIZ359_whole_blood,3,MIZ359,0,0
663,MIZ360_whole_blood,2,MIZ360,0,0
664,MIZ361_whole_blood,2,MIZ361,0,0
665,MIZ362_whole_blood,4,MIZ362,0,0
666,MIZ363_whole_blood,4,MIZ363,0,0
667,MIZ366_urine,2,MIZ366,0,0
668,MIZ366_whole_blood,4,MIZ366,0,0
669,MIZ367_whole_blood,4,MIZ367,0,0
670,MIZ368_whole_blood,4,MIZ368,0,0
671,MIZ369_whole_blood,4,MIZ369,0,0
672,MIZ372_whole_blood,3,MIZ372,0,0
673,MIZ373_whole_blood,3,MIZ373,0,0
674,MIZ374_whole_blood,3,MIZ374,0,0
675,MIZ375_whole_blood,3,MIZ375,0,0
676,MIZ376_whole_blood,3,MIZ376,0,0
677,MIZ377_whole_blood,3,MIZ377,0,0
678,MIZ378_urine,2,MIZ378,0,0
679,MIZ378_whole_blood,3,MIZ378,0,0
680,MIZ379_whole_blood,2,MIZ379,0,0
681,MIZ382_whole_blood,3,MIZ382,0,0
682,MIZ383_whole_blood,3,MIZ383,0,0
683,MIZ384_whole_blood,3,MIZ384,0,0
684,MIZ385_whole_blood,3,MIZ385,0,0
685,MIZ386_whole_blood,3,MIZ386,0,0
686,MIZ387_whole_blood,3,MIZ387,0,0
687,MIZ389_whole_blood,3,MIZ389,0,0
688,MIZ390_whole_blood,3,MIZ390,0,0
689,MIZ391_whole_blood,4,MIZ391,0,0
690,MIZ392_urine,2,MIZ392,0,0
691,MIZ392_whole_blood,4,MIZ392,0,0
692,MIZ393_whole_blood,4,MIZ393,0,0
693,MIZ394_whole_blood,3,MIZ394,0,0
694,MIZ394_whole_blood,3,MIZ394,0,0
695,MIZ394_whole_blood,4,MIZ394,0,0
696,MIZ395_whole_blood,3,MIZ395,0,0
697,MIZ395_whole_blood,4,MIZ395,0,0
698,MIZ396_urine,2,MIZ396,0,0
699,MIZ396_whole_blood,4,MIZ396,0,0
700,MIZ397_whole_blood,4,MIZ397,0,0
701,MIZ398_whole_blood,4,MIZ398,0,0
702,MIZ400_urine,2,MIZ400,0,0
703,MIZ400_whole_blood,3,MIZ400,0,0
704,MIZ401_urine,2,MIZ401,0,0
705,MIZ401_whole_blood,3,MIZ401,0,0
706,MIZ403_urine,2,MIZ403,0,0
707,MIZ403_whole_blood,3,MIZ403,0,0
708,MIZ404_whole_blood,3,MIZ404,0,0
709,MIZ405_urine,2,MIZ405,0,0
710,MIZ405_whole_blood,3,MIZ405,0,0
711,MIZ407_urine,2,MIZ407,0,0
712,MIZ407_whole_blood,3,MIZ407,0,0
713,MIZ408_urine,2,MIZ408,0,0
714,MIZ408_whole_blood,3,MIZ408,0,0
715,MIZ409_whole_blood,3,MIZ409,0,0
716,MIZ41_whole_blood,2,MIZ41,0,0
717,MIZ410_whole_blood,3,MIZ410,0,0
718,MIZ411_whole_blood,3,MIZ411,0,0
719,MIZ412_whole_blood,3,MIZ412,0,0
720,MIZ413_whole_blood,3,MIZ413,0,0
721,MIZ414_whole_blood,3,MIZ414,0,0
722,MIZ415_whole_blood,3,MIZ415,0,0
723,MIZ416_whole_blood,3,MIZ416,0,0
724,MIZ426_whole_blood,3,MIZ426,0,0
725,MIZ428_whole_blood,3,MIZ428,0,0
726,MIZ429_whole_blood,3,MIZ429,0,0
727,MIZ430_whole_blood,3,MIZ430,0,0
728,MIZ431_whole_blood,3,MIZ431,0,0
729,MIZ432_whole_blood,3,MIZ432,0,0
730,MIZ433_whole_blood,3,MIZ433,0,0
731,MIZ434_whole_blood,3,MIZ434,0,0
732,MIZ435_whole_blood,3,MIZ435,0,0
733,MIZ436_whole_blood,3,MIZ436,0,0
734,MIZ437_whole_blood,3,MIZ437,0,0
735,MIZ438_whole_blood,3,MIZ438,0,0
736,MIZ439_whole_blood,3,MIZ439,0,0
737,MIZ440_whole_blood,3,MIZ440,0,0
738,MIZ441_whole_blood,3,MIZ441,0,0
739,MIZ442_whole_blood,3,MIZ442,0,0
740,MIZ444_whole_blood,3,MIZ444,0,0
741,MIZ445_whole_blood,3,MIZ445,0,0
742,MIZ446_whole_blood,3,MIZ446,0,0
743,MIZ447_whole_blood,3,MIZ447,0,0
744,MIZ448_whole_blood,4,MIZ448,0,0
745,MIZ449_whole_blood,4,MIZ449,0,0
746,MIZ450_whole_blood,4,MIZ450,0,0
747,MIZ451_whole_blood,4,MIZ451,0,0
748,MLB001_urine,2,MLB001,0,0
749,MLB004_urine,2,MLB004,0,0
750,MLB005_urine,2,MLB005,0,0
751,MLB006_urine,2,MLB006,0,0
752,MLB009_urine,2,MLB009,0,0
753,MLB1_whole_blood,2,MLB1,0,0
754,MLB2_whole_blood,2,MLB2,0,0
755,MLB3_whole_blood,2,MLB3,0,0
756,MLB4_whole_blood,2,MLB4,0,0
757,MLB5_whole_blood,2,MLB5,0,0
758,MLB6_whole_blood,2,MLB6,0,0
759,MLB7_whole_blood,2,MLB7,0,0
760,MLB8_whole_blood,2,MLB8,0,0
761,MLB9_whole_blood,2,MLB9,0,0
762,MNG1_whole_blood,2,MNG1,0,0
763,MNG2_whole_blood,2,MNG2,0,0
764,MNG3_whole_blood,2,MNG3,0,0
765,WATER1,2,WATER1,0,0