ID,Code prlvts,PérCode,Date prlvs,LCeuCollecte,Site,Zone,Region,S, E ,Ordre,OrdreV,Ordre2,FamClle ,FamilleV,Genre et especes,Genre,Genre,Espece,Effectif capturé,Couleur Bague,SX,A,TM V ,TM3cl ,TMS,ZO,AE,EN,PZH,AZU,CT,SC,UCCN,EffectCf sérum,ObservatCons,Résultats,Res
1,Fo.ma 001,C1,5/10/16,Le Cot,AI,Tanà Nord,Analamanga,18.84231, 47.54848   ,PASSERIFORME,P,P, Ploceidae , Pl ,Foudia madagascariensis,F,Foudia,madagascariensis,1,Bleu,M,Ad,S,S,S, O , M , H , O ,E, G ,EM,PM,1,Analysé,Négatif,0
2,Fo.ma 002,C1,5/10/16,Le Cot,AI,Tanà Nord,Analamanga,18.84231, 47.54848   ,PASSERIFORME,P,P, Ploceidae , Pl ,Foudia madagascariensis,F,Foudia,madagascariensis,1,Bleu,F,Ad,S,S,S, O , M , H , O ,E, G ,EM,PM,1,Analysé,Négatif,0
4,Fo.ma 004,C1,5/10/16,Le Cot,AI,Tanà Nord,Analamanga,18.84231, 47.54848   ,PASSERIFORME,P,P, Ploceidae , Pl ,Foudia madagascariensis,F,Foudia,madagascariensis,1,Bleu,F,Ad,S,S,S, O , M , H , O ,E, G ,EM,PM,1,Analysé,Négatif,0
5,Fo.ma 005,C1,5/10/16,Le Cot,AI,Tanà Nord,Analamanga,18.84231, 47.54848   ,PASSERIFORME,P,P, Ploceidae , Pl ,Foudia madagascariensis,F,Foudia,madagascariensis,1,Bleu,F,Ad,S,S,S, O , M , H , O ,E, G ,EM,PM,1,Analysé,Négatif,0
6,Fo.ma 006,C1,5/10/16,Le Cot,AI,Tanà Nord,Analamanga,18.84231, 47.54848   ,PASSERIFORME,P,P, Ploceidae , Pl ,Foudia madagascariensis,F,Foudia,madagascariensis,1,Bleu,F,J,S,S,S, O , M , H , O ,E, G ,EM,PM,1,Analysé,Négatif,0
7,Fo.ma 007,C1,5/10/16,Le Cot,AI,Tanà Nord,Analamanga,18.84231, 47.54848   ,PASSERIFORME,P,P, Ploceidae , Pl ,Foudia madagascariensis,F,Foudia,madagascariensis,1,Bleu,F,Ad,S,S,S, O , M , H , O ,E, G ,EM,PM,1,Analysé,Négatif,0
9,Fo.ma 009,C1,5/10/16,Le Cot,AI,Tanà Nord,Analamanga,18.84231, 47.54848   ,PASSERIFORME,P,P, Ploceidae , Pl ,Foudia madagascariensis,F,Foudia,madagascariensis,1,Bleu,F,Ad,S,S,S, O , M , H , O ,E, G ,EM,PM,1,Analysé,Négatif,0
10,Fo.ma 010,C1,5/10/16,Le Cot,AI,Tanà Nord,Analamanga,18.84231, 47.54848   ,PASSERIFORME,P,P, Ploceidae , Pl ,Foudia madagascariensis,F,Foudia,madagascariensis,1,Bleu,F,Ad,S,S,S, O , M , H , O ,E, G ,EM,PM,1,Analysé,Négatif,0
11,Fo.ma 011,C1,5/10/16,Le Cot,AI,Tanà Nord,Analamanga,18.84231, 47.54848   ,PASSERIFORME,P,P, Ploceidae , Pl ,Foudia madagascariensis,F,Foudia,madagascariensis,1,Bleu,F,Ad,S,S,S, O , M , H , O ,E, G ,EM,PM,1,Analysé,Négatif,0
12,Fo.ma 012,C1,5/10/16,Le Cot,AI,Tanà Nord,Analamanga,18.84231, 47.54848   ,PASSERIFORME,P,P, Ploceidae , Pl ,Foudia madagascariensis,F,Foudia,madagascariensis,1,Bleu,F,J,S,S,S, O , M , H , O ,E, G ,EM,PM,1,Analysé,Négatif,0
14,Fo.ma 014,C1,5/10/16,Le Cot,AI,Tanà Nord,Analamanga,18.84231, 47.54848   ,PASSERIFORME,P,P, Ploceidae , Pl ,Foudia madagascariensis,F,Foudia,madagascariensis,1,Bleu,F,Ad,S,S,S, O , M , H , O ,E, G ,EM,PM,1,Analysé,Négatif,0
15,Fo.ma 015,C1,5/10/16,Le Cot,AI,Tanà Nord,Analamanga,18.84231, 47.54848   ,PASSERIFORME,P,P, Ploceidae , Pl ,Foudia madagascariensis,F,Foudia,madagascariensis,1,Bleu,F,Ad,S,S,S, O , M , H , O ,E, G ,EM,PM,1,Analysé,Négatif,0
17,Fo.ma 017,C1,5/10/16,Le Cot,AI,Tanà Nord,Analamanga,18.84231, 47.54848   ,PASSERIFORME,P,P, Ploceidae , Pl ,Foudia madagascariensis,F,Foudia,madagascariensis,1,Bleu,F,Ad,S,S,S, O , M , H , O ,E, G ,EM,PM,1,Analysé,Négatif,0
18,Fo.ma 018,C1,5/10/16,Le Cot,AI,Tanà Nord,Analamanga,18.84231, 47.54848   ,PASSERIFORME,P,P, Ploceidae , Pl ,Foudia madagascariensis,F,Foudia,madagascariensis,1,Bleu,F,Ad,S,S,S, O , M , H , O ,E, G ,EM,PM,1,Analysé,Négatif,0
19,Fo.ma 019,C1,5/10/16,Le Cot,AI,Tanà Nord,Analamanga,18.84231, 47.54848   ,PASSERIFORME,P,P, Ploceidae , Pl ,Foudia madagascariensis,F,Foudia,madagascariensis,1,Bleu,F,Ad,S,S,S, O , M , H , O ,E, G ,EM,PM,1,Analysé,Négatif,0
20,Fo.ma 020,C1,5/10/16,Le Cot,AI,Tanà Nord,Analamanga,18.84231, 47.54848   ,PASSERIFORME,P,P, Ploceidae , Pl ,Foudia madagascariensis,F,Foudia,madagascariensis,1,Bleu,F,Ad,S,S,S, O , M , H , O ,E, G ,EM,PM,1,Analysé,Négatif,0
21,Fo.ma 021,C1,5/10/16,Le Cot,AI,Tanà Nord,Analamanga,18.84231, 47.54848   ,PASSERIFORME,P,P, Ploceidae , Pl ,Foudia madagascariensis,F,Foudia,madagascariensis,1,Bleu,F,Ad,S,S,S, O , M , H , O ,E, G ,EM,PM,1,Analysé,Négatif,0
22,Fo.ma 022,C1,5/10/16,Le Cot,AI,Tanà Nord,Analamanga,18.84231, 47.54848   ,PASSERIFORME,P,P, Ploceidae , Pl ,Foudia madagascariensis,F,Foudia,madagascariensis,1,Bleu,F,Ad,S,S,S, O , M , H , O ,E, G ,EM,PM,1,Analysé,Négatif,0
23,Fo.ma 023,C1,5/10/16,Le Cot,AI,Tanà Nord,Analamanga,18.84231, 47.54848   ,PASSERIFORME,P,P, Ploceidae , Pl ,Foudia madagascariensis,F,Foudia,madagascariensis,1,Bleu,F,Ad,S,S,S, O , M , H , O ,E, G ,EM,PM,1,Analysé,Négatif,0
24,Fo.ma 024,C1,5/10/16,Le Cot,AI,Tanà Nord,Analamanga,18.84231, 47.54848   ,PASSERIFORME,P,P, Ploceidae , Pl ,Foudia madagascariensis,F,Foudia,madagascariensis,1,Bleu,F,Ad,S,S,S, O , M , H , O ,E, G ,EM,PM,1,Analysé,Négatif,0
25,Fo.ma 025,C1,5/10/16,Le Cot,AI,Tanà Nord,Analamanga,18.84231, 47.54848   ,PASSERIFORME,P,P, Ploceidae , Pl ,Foudia madagascariensis,F,Foudia,madagascariensis,1,Bleu,F,Ad,S,S,S, O , M , H , O ,E, G ,EM,PM,1,Analysé,Négatif,0
26,Ac.tr 026,C1,5/10/16,Le Cot,AI,Tanà Nord,Analamanga,18.84099, 47.54960   ,PASSERIFORME,P,P, SturnCdae , St ,AcrCdotheres trCstCs,Ac,AcrCdotheres,trCstCs,1,SB,I,Ad,S,ML,M, O , A , H , O ,E, G ,C,PM,1,Analysé,NégatCf,0
27,Ac.tr 027,C1,5/10/16,Le Cot,AI,Tanà Nord,Analamanga,18.84099, 47.54960   ,PASSERIFORME,P,P, SturnCdae , St ,AcrCdotheres trCstCs,Ac,AcrCdotheres,trCstCs,1,SB,I,Ad,S,ML,M, O , A , H , O ,E, G ,C,PM,1,Analysé,NégatCf,0
28,Ac.tr 028,C1,5/11/16,Le Cot,AI,Tanà Nord,Analamanga,18.84099, 47.54960   ,PASSERIFORME,P,P, SturnCdae , St ,AcrCdotheres trCstCs,Ac,AcrCdotheres,trCstCs,1,SB,I,Ad,S,ML,M, O , A , H , O ,E, G ,C,PM,1,Analysé,NégatCf,0
31,Hy.ma 031,C1,5/12/16,Amajo,AM,Tanà Nord,Analamanga,18.86102, 47.56344   ,PASSERIFORME,P,P,Pycnonotidae,PY,Hypsipetes madagascariensis,H,Hypsipetes,madagascariensis,1,Rouge,I,Ad,S,S,S, F , A , H , O ,M, G ,ER,PM,1,Analysé,Négatif,0
32,Hy.ma 032,C1,5/12/16,Amajo,AM,Tanà Nord,Analamanga,18.86102, 47.56344   ,PASSERIFORME,P,P,Pycnonotidae,PY,Hypsipetes madagascariensis,H,Hypsipetes,madagascariensis,1,Rouge,I,Ad,S,S,S, F , A , H , O ,M, G ,ER,PM,1,Analysé,Négatif,0
33,Zo.ma 033,C1,5/12/16,Amajo,AM,Tanà Nord,Analamanga,18.86102, 47.56344   ,PASSERIFORME,P,P,Zosteropidae,Zo,Zosterops maderaspatana,Z,Zosterops,maderaspatana,1,SB,I,Ad,S,S,S, O , A , H , O ,M, G ,ER,PM,1,Analysé,Négatif,0
34,Ac.tr 034,C1,5/12/16,Amajo,AM,Tanà Nord,Analamanga,18.86102, 47.56344   ,PASSERIFORME,P,P,SturnCdae, St ,AcrCdotheres trCstCs,Ac,AcrCdotheres,trCstCs,1,SB,I,Ad,S,ML,M, O , A , H , O ,E, G ,C,PM,1,Analysé,NégatCf,0
35,Zo.ma 035,C1,5/12/16,Amajo,AM,Tanà Nord,Analamanga,18.86102, 47.56344   ,PASSERIFORME,P,P,Zosteropidae,Zo,Zosterops maderaspatana,Z,Zosterops,maderaspatana,1,Rouge,I,Ad,S,S,S, O , A , H , O ,M, G ,ER,PM,1,Analysé,Négatif,0
36,Fa.ne 036,C1,5/12/16,Amajo,AM,Tanà Nord,Analamanga,18.86102, 47.56344   ,FALCONIFORME,A,Au,Falconidae,Au,Falco newtoni,Au,Falco,newtoni,1,SB,I,Ad,S,S,S, O , A , As , O ,B, A ,ER,PM,1,Analysé,Négatif,0
37,Ac.tr 037,C1,5/12/16,Amajo,AM,Tanà Nord,Analamanga,18.86102, 47.56344   ,PASSERIFORME,P,P,SturnCdae, St ,AcrCdotheres trCstCs,Ac,AcrCdotheres,trCstCs,1,SB,I,Ad,S,ML,M, O , A , H , O ,E, G ,C,PM,1,Analysé,NégatCf,0
41,Phi.ca 041,C1,5/16/16,Maromahatsinjo,TF,Moramanga,Alaotra Mangoro,18.87327, 48.37319   ,PASSERIFORME,P,P,Philepittidae,Au,Philepitta castanea,Au,Philepitta,castanea,1,Violet,F,Ad,S,S,S, F , A , H , O ,B, A ,ER,PM,1,Analysé,Négatif,0
42,Ra.ma 042,C1,5/17/16,Maromahatsinjo,TF,Moramanga,Alaotra Mangoro,18.87492, 48.37284   ,GRUIFORME,G,Au,Rallidae,R,Rallus madagascariensis,R,Rallus,madagascariensis,1,SB,M,Ad,S,S,S,H,E, As , O ,B, A ,EM,V,1,Analysé,Positif,1
43,Ra.ma 043,C1,5/17/16,Maromahatsinjo,TF,Moramanga,Alaotra Mangoro,18.87492, 48.37284   ,GRUIFORME,G,Au,Rallidae,R,Rallus madagascariensis,R,Rallus,madagascariensis,1,SB,M,Ad,S,S,S,H,E, As , O ,B, A ,EM,V,1,Analysé,Négatif,0
44,Sa.in 044,C1,5/17/16,Maromahatsinjo,TF,Moramanga,Alaotra Mangoro,18.87492, 47.56344   ,GRUIFORME,G,Au,Rallidae,R,Sarothrura insularis,S,Sarothrura,insularis,1,Violet,F,Ad,S,S,S,H,E, As , O ,B, A ,EM,PM,1,Analysé,Négatif,0
46,Ne.so 046,C1,5/17/16,Maromahatsinjo,TF,Moramanga,Alaotra Mangoro,18.87492, 47.56344   ,PASSERIFORME,P,P,Nectariniidae,N,Nectarinia somanga,NS,Nectarinia,somanga,1,SB,F,Ad,S,S,S, F , M , H , O ,M, G ,ER,PM,1,Analysé,Positif,1
47,Zo.ma 047,C1,5/17/16,Maromahatsinjo,TF,Moramanga,Alaotra Mangoro,18.87492, 47.56344   ,PASSERIFORME,P,P,Zosteropidae,Zo,Zosterops maderaspatana,Z,Zosterops,maderaspatana,1,Violet,I,Ad,S,S,S, O , A , H , O ,M, G ,ER,PM,1,Analysé,Positif,1
49,Hy.ma 049,C1,5/17/16,Maromahatsinjo,TF,Moramanga,Alaotra Mangoro,18.87492, 47.56344   ,PASSERIFORME,P,P,Pycnonotidae,PY,Hypsipetes madagascariensis,H,Hypsipetes,madagascariensis,1,Violet,I,Ad,S,S,S, F , A , H , O ,M, G ,ER,PM,1,Analysé,Positif,1
50,Ne.so 050,C1,5/17/16,Maromahatsinjo,TF,Moramanga,Alaotra Mangoro,18.87492, 47.56344   ,PASSERIFORME,P,P,Nectariniidae,N,Nectarinia somanga,NS,Nectarinia,somanga,1,Violet,F,Ad,S,S,S, F , M , H , O ,M, G ,ER,PM,1,Analysé,Négatif,0
51,Zo.ma 051,C1,5/17/16,Maromahatsinjo,TF,Moramanga,Alaotra Mangoro,18.87492, 47.56344   ,PASSERIFORME,P,P,Zosteropidae,Zo,Zosterops maderaspatana,Z,Zosterops,maderaspatana,1,Violet,F,Ad,S,S,S, O , A , H , O ,M, G ,ER,PM,1,Analysé,Négatif,0
52,Ph.zo 052,C1,5/17/16,Maromahatsinjo,TF,Moramanga,Alaotra Mangoro,18.87492, 47.56344   ,PASSERIFORME,P,P,Pycnonotidae,PY,Phyllastrephus zosterops,Au,Phyllastrephus,zosterops,1,Violet,F,Ad,S,S,S, F , A , H , O ,M, G ,EM,PM,1,Analysé,Négatif,0
53,Ne.so 053,C1,5/17/16,Maromahatsinjo,TF,Moramanga,Alaotra Mangoro,18.87492, 47.56344   ,PASSERIFORME,P,P,Nectariniidae,N,Nectarinia somanga,NS,Nectarinia,somanga,1,Violet,F,Ad,S,S,S, F , M , H , O ,M, G ,ER,PM,1,Analysé,Positif,1
54,Zo.ma 054,C1,5/17/16,Maromahatsinjo,TF,Moramanga,Alaotra Mangoro,18.87492, 47.56344   ,PASSERIFORME,P,P,Zosteropidae,Zo,Zosterops maderaspatana,Z,Zosterops,maderaspatana,1,Violet,F,Ad,S,S,S, O , A , H , O ,M, G ,ER,PM,1,Analysé,Positif,1
55,Ra.ma 055,C1,5/18/16,Maromahatsinjo,TF,Moramanga,Alaotra Mangoro,18.86652, 48.37680   ,GRUIFORME,G,Au,Rallidae,R,Rallus madagascariensis,R,Rallus,madagascariensis,1,SB,M,Ad,S,S,S,H,E, As , O ,B, A ,EM,V,1,Analysé,Négatif,0
56,Ra.ma 056,C1,5/18/16,Maromahatsinjo,TF,Moramanga,Alaotra Mangoro,18.86652, 48.37680   ,GRUIFORME,G,Au,Rallidae,R,Rallus madagascariensis,R,Rallus,madagascariensis,1,SB,M,Ad,S,S,S,H,E, As , O ,B, A ,EM,V,1,Analysé,Négatif,0
57,Ra.ma 057,C1,5/18/16,Maromahatsinjo,TF,Moramanga,Alaotra Mangoro,18.86631, 48.37713   ,GRUIFORME,G,Au,Rallidae,R,Rallus madagascariensis,R,Rallus,madagascariensis,1,SB,F,Ad,S,S,S,H,E, As , O ,B, A ,EM,V,1,Analysé,Négatif,0
58,Ra.ma 058,C1,5/18/16,Maromahatsinjo,TF,Moramanga,Alaotra Mangoro,18.86582, 48.37669   ,GRUIFORME,G,Au,Rallidae,R,Rallus madagascariensis,R,Rallus,madagascariensis,1,SB,F,Ad,S,S,S,H,E, As , O ,B, A ,EM,V,1,Analysé,Négatif,0
59,Pl.ne 059,C1,5/18/16,Maromahatsinjo,TF,Moramanga,Alaotra Mangoro,18.87639, 48.37091   ,PASSERIFORME,P,P,Ploceidae, Pl ,Ploceus nelicourvi,Au,Ploceus,nelicourvi,1,SB,I,Ad,S,S,S, F , A , As , O ,B, G ,EM,PM,1,Analysé,Négatif,0
60,Hy.ma 060,C1,5/18/16,Maromahatsinjo,TF,Moramanga,Alaotra Mangoro,18.87639, 48.37091   ,PASSERIFORME,P,P,Pycnonotidae,PY,Hypsipetes madagascariensis,H,Hypsipetes,madagascariensis,1,Violet,I,Ad,S,S,S, F , A , H , O ,M, G ,ER,PM,1,Analysé,Positif,1
61,hy.ma 061,C1,5/18/16,Maromahatsinjo,TF,Moramanga,Alaotra Mangoro,18.87639, 48.37091   ,PASSERIFORME,P,P,Pycnonotidae,PY,Hypsipetes madagascariensis,H,Hypsipetes,madagascariensis,1,Violet,I,Ad,S,S,S, F , A , H , O ,M, G ,ER,PM,1,Analysé,Positif,1
62,Co.al 062,C1,5/18/16,Maromahatsinjo,TF,Moramanga,Alaotra Mangoro,18.87639, 48.37091   ,PASSERIFORME,P,P,Turdidae,T,Copsychus albospecularis,Au,Copsychus,albospecularis,1,Violet,M,Ad,S,S,S, O , A , H , O ,M, A ,EM,PM,1,Analysé,Négatif,0
63,Ph.zo 063,C1,5/18/16,Maromahatsinjo,TF,Moramanga,Alaotra Mangoro,18.87639, 48.37091   ,PASSERIFORME,P,P,Pycnonotidae,PY,Phyllastrephus zosterops,Au,Phyllastrephus,zosterops,1,SB,F,Ad,S,S,S, F , A , H , O ,M, G ,EM,PM,1,Analysé,Positif,1
64,Cu.va 064,C1,5/18/16,Maromahatsinjo,TF,Moramanga,Alaotra Mangoro,18.87639, 48.37091   ,PASSERIFORME,P,P,Vangidae,Au,Vanga curvirostris,Au,Vanga,curvirostris,1,Violet,I,Ad,S,S,S, F , M , H , O ,M, A ,EM,PM,1,Analysé,Positif,1
65,Ra.ma 065,C1,5/18/16,Maromahatsinjo,TF,Moramanga,Alaotra Mangoro,18.87639, 48.37091   ,GRUIFORME,G,Au,Rallidae,R,Rallus madagascariensis,R,Rallus,madagascariensis,1,SB,M,Ad,S,S,S,H,E, As , O ,B, A ,EM,V,1,Analysé,Négatif,0
66,Zo.ma 066,C1,5/18/16,Maromahatsinjo,TF,Moramanga,Alaotra Mangoro,18.87639, 48.37091   ,PASSERIFORME,P,P,Zosteropidae,Zo,Zosterops maderaspatana,Z,Zosterops,maderaspatana,1,Violet,I,Ad,S,S,S, O , A , H , O ,M, G ,ER,PM,1,Analysé,Négatif,0
67,Ac.ne 067,C1,5/18/16,Maromahatsinjo,TF,Moramanga,Alaotra Mangoro,18.86191, 48.37518   ,PASSERIFORME,P,P,Sylviidae,Sy,Acrocephalus newtoni,Au,Acrocephalus,newtoni,1,Violet,I,Ad,S,S,S,H, E , H , O ,B, A ,EM,PM,1,Analysé,Négatif,0
68,Ra.ma 068,C1,5/18/16,Maromahatsinjo,TF,Moramanga,Alaotra Mangoro,18.86191, 48.37518   ,GRUIFORME,G,Au,Rallidae,R,Rallus madagascariensis,R,Rallus,madagascariensis,1,SB,M,Ad,S,S,S,H,E, As , O ,B, A ,EM,V,1,Analysé,Négatif,0
69,Ra.ma 069,C1,5/18/16,Maromahatsinjo,TF,Moramanga,Alaotra Mangoro,18.86191, 48.37518   ,GRUIFORME,G,Au,Rallidae,R,Rallus madagascariensis,R,Rallus,madagascariensis,1,SB,F,J,S,S,S,H,E, As , O ,B, A ,EM,V,1,Analysé,Positif,1
70,Hy.ma 070,C1,5/18/16,Maromahatsinjo,TF,Moramanga,Alaotra Mangoro,18.86229, 48.37557   ,PASSERIFORME,P,P,Pycnonotidae,PY,Hypsipetes madagascariensis,H,Hypsipetes,madagascariensis,1,Violet,I,Ad,S,S,S, F , A , H , O ,M, G ,ER,PM,1,Analysé,Positif,1
71,Ha.au 071,C1,5/18/16,Maromahatsinjo,TF,Moramanga,Alaotra Mangoro,18.86229, 48.37557   ,PASSERIFORME,P,P,Sturnidae, St ,Hartlaubius auratus,Au,Hartlaubius,auratus,1,Violet,F,Ad,S,ML,M, O , A , H , O ,B, G ,EM,PM,1,Analysé,Négatif,0
72,Hy.ma 072,C1,5/18/16,Maromahatsinjo,TF,Moramanga,Alaotra Mangoro,18.86229, 48.37557   ,PASSERIFORME,P,P,Pycnonotidae,PY,Hypsipetes madagascariensis,H,Hypsipetes,madagascariensis,1,Violet,I,Ad,S,S,S, F , A , H , O ,M, G ,ER,PM,1,Analysé,Positif,1
73,Sa.to 073,C1,5/18/16,Maromahatsinjo,TF,Moramanga,Alaotra Mangoro,18.86229, 48.37557   ,PASSERIFORME,P,P,Turdidae,T,Saxicola torquata,Au,Saxicola,torquata,1,Violet,I,Ad,S,S,S, O , M , As , O ,B, A ,C,PM,1,Analysé,Positif,1
74,Hy.ma 074,C1,5/18/16,Maromahatsinjo,TF,Moramanga,Alaotra Mangoro,18.86229, 48.37557   ,PASSERIFORME,P,P,Pycnonotidae,PY,Hypsipetes madagascariensis,H,Hypsipetes,madagascariensis,1,Violet,I,Ad,S,S,S, F , A , H , O ,M, G ,ER,PM,1,Analysé,Négatif,0
75,Me.su 075,C1,5/18/16,Maromahatsinjo,TF,Moramanga,Alaotra Mangoro,18.86229, 48.37557   ,CORACIIFORME,A,Au,Meropidae,Au,Merops superciliosus,Au,Merops,superciliosus,1,Violet,I,Ad,S,ML,M, O , A , As , O ,B, G ,A,PM,1,Analysé,Négatif,0
76,Ha.au 076,C1,5/18/16,Maromahatsinjo,TF,Moramanga,Alaotra Mangoro,18.86229, 48.37557   ,PASSERIFORME,P,P,Sturnidae, St ,Hartlaubius auratus,Au,Hartlaubius,auratus,1,Violet,F,Ad,S,ML,M, O , A , H , O ,B, G ,EM,PM,1,Analysé,Positif,1
77,Ne.ty 077,C1,5/18/16,Maromahatsinjo,TF,Moramanga,Alaotra Mangoro,18.86229, 48.37557   ,PASSERIFORME,P,P,Sylviidae,Sy,Nesillas typica,Au,Nesillas,typica,1,Violet,I,Ad,S,S,S, F , A , As , O ,B, A ,ER,PM,1,Analysé,Négatif,0
78,Hy.ma 078,C1,5/18/16,Maromahatsinjo,TF,Moramanga,Alaotra Mangoro,18.86229, 48.37557   ,PASSERIFORME,P,P,Pycnonotidae,PY,Hypsipetes madagascariensis,H,Hypsipetes,madagascariensis,1,Violet,I,Ad,S,S,S, F , A , H , O ,M, G ,ER,PM,1,Analysé,Positif,1
79,Me.su 079,C1,5/18/16,Maromahatsinjo,TF,Moramanga,Alaotra Mangoro,18.86229, 48.37557   ,CORACIIFORME,A,Au,Meropidae,Au,Merops superciliosus,Au,Merops,superciliosus,1,Violet,I,Ad,S,ML,M, O , A , As , O ,B, G ,A,PM,1,Analysé,Positif,1
80,Hy.ma 080,C1,5/18/16,Maromahatsinjo,TF,Moramanga,Alaotra Mangoro,18.86229, 48.37557   ,PASSERIFORME,P,P,Pycnonotidae,PY,Hypsipetes madagascariensis,H,Hypsipetes,madagascariensis,1,Violet,I,Ad,S,S,S, F , A , H , O ,M, G ,ER,PM,1,Analysé,Positif,1
81,Hy.ma 081,C1,5/18/16,Maromahatsinjo,TF,Moramanga,Alaotra Mangoro,18.86229, 48.37557   ,PASSERIFORME,P,P,Pycnonotidae,PY,Hypsipetes madagascariensis,H,Hypsipetes,madagascariensis,1,Violet,I,Ad,S,S,S, F , A , H , O ,M, G ,ER,PM,1,Analysé,Négatif,0
83,Fo.ma 083,C1,5/18/16,Maromahatsinjo,TF,Moramanga,Alaotra Mangoro,18.86229, 48.37557   ,PASSERIFORME,P,P,Ploceidae, Pl ,Foudia madagascariensis,F,Foudia,madagascariensis,1,Violet,F,Ad,S,S,S, O , M , H , O ,E, G ,EM,PM,1,Analysé,Négatif,0
84,Ne.no 084,C1,5/18/16,Maromahatsinjo,TF,Moramanga,Alaotra Mangoro,18.86229, 48.37557   ,PASSERIFORME,P,P,Nectariniidae,N,Nectarinia notata,Au,Nectarinia,notata,1,Violet,M,Ad,S,S,S, F , M , H , O ,M, G ,ER,PM,1,Analysé,Positif,1
85,Ne.no 085,C1,5/18/16,Maromahatsinjo,TF,Moramanga,Alaotra Mangoro,18.86229, 48.37557   ,PASSERIFORME,P,P,Nectariniidae,N,Nectarinia notata,Au,Nectarinia,notata,1,SB,F,Ad,S,S,S, F , M , H , O ,M, G ,ER,PM,1,Analysé,Positif,1
86,De.vi 086,C1,5/26/16,berge lac,TSR,Tanà Centre,Analamanga,18.86728, 47.51842   ,ANSERIFORME,A,Au,Anatidae,Au,Dendrocygna viduata,Au,Dendrocygna,viduata,1,Vert,I,Ad,S,S,S,H,E, As , O ,B, G ,C,PM,1,Analysé,Négatif,0
87,Eg.ar 087,C1,5/27/16,Ïlot,TSR,Tanà Centre,Analamanga,18.86804, 47.51787   ,CICONIIFORME,C,C,Ardeidae,Ar,Egretta ardesiaca,EAr,Egretta,ardesiaca,1,Vert,I,Ad,S,ML,M,H,E, H , O ,B, G ,A,PM,1,Analysé,Négatif,0
88,Eg.ar 088,C1,5/27/16,Ïlot,TSR,Tanà Centre,Analamanga,18.86804, 47.56344   ,CICONIIFORME,C,C,Ardeidae,Ar,Egretta ardesiaca,EAr,Egretta,ardesiaca,1,Vert,I,Ad,S,ML,M,H,E, H , O ,B, G ,A,PM,1,Analysé,Négatif,0
89,Eg.ar 089,C1,5/27/16,Ïlot,TSR,Tanà Centre,Analamanga,18.86804, 47.56344   ,CICONIIFORME,C,C,Ardeidae,Ar,Egretta ardesiaca,EAr,Egretta,ardesiaca,1,Vert,I,Ad,S,ML,M,H,E, H , O ,B, G ,A,PM,1,Analysé,Négatif,0
90,Eg.ar 090,C1,5/27/16,Ïlot,TSR,Tanà Centre,Analamanga,18.86804, 47.56344   ,CICONIIFORME,C,C,Ardeidae,Ar,Egretta ardesiaca,EAr,Egretta,ardesiaca,1,Vert,I,Ad,S,ML,M,H,E, H , O ,B, G ,A,PM,1,Analysé,Négatif,0
91,Eg.ar 091,C1,5/27/16,Ïlot,TSR,Tanà Centre,Analamanga,18.86804, 47.56344   ,CICONIIFORME,C,C,Ardeidae,Ar,Egretta ardesiaca,EAr,Egretta,ardesiaca,1,Vert,I,Ad,S,ML,M,H,E, H , O ,B, G ,A,PM,1,Analysé,Négatif,0
92,Eg.ar 092,C1,5/27/16,Ïlot,TSR,Tanà Centre,Analamanga,18.86804, 47.56344   ,CICONIIFORME,C,C,Ardeidae,Ar,Egretta ardesiaca,EAr,Egretta,ardesiaca,1,Vert,I,Ad,S,ML,M,H,E, H , O ,B, G ,A,PM,1,Analysé,Négatif,0
93,Eg.ar 093,C1,5/27/16,Ïlot,TSR,Tanà Centre,Analamanga,18.86804, 47.56344   ,CICONIIFORME,C,C,Ardeidae,Ar,Egretta ardesiaca,EAr,Egretta,ardesiaca,1,Vert,I,Ad,S,ML,M,H,E, H , O ,B, G ,A,PM,1,Analysé,Positif,1
94,Eg.ar 094,C1,5/27/16,Ïlot,TSR,Tanà Centre,Analamanga,18.86804, 47.56344   ,CICONIIFORME,C,C,Ardeidae,Ar,Egretta ardesiaca,EAr,Egretta,ardesiaca,1,Vert,I,Ad,S,ML,M,H,E, H , O ,B, G ,A,PM,1,Analysé,Négatif,0
95,Eg.ar 095,C1,5/27/16,Ïlot,TSR,Tanà Centre,Analamanga,18.86804, 47.56344   ,CICONIIFORME,C,C,Ardeidae,Ar,Egretta ardesiaca,EAr,Egretta,ardesiaca,1,Vert,I,Ad,S,ML,M,H,E, H , O ,B, G ,A,PM,1,Analysé,Négatif,0
96,An.er 096,C1,5/27/16,berge lac,TSR,Tanà Centre,Analamanga,18.86745, 47.52119   ,ANSERIFORME,A,Au,Anatidae,Au,Anas erythrorhyncha,Au,Anas,erythrorhyncha,1,Vert,I,Ad,S,S,S,H,E, As , O ,B, G ,A,PM,1,Analysé,Négatif,0
97,An.er 097,C1,5/30/16,berge lac,TSR,Tanà Centre,Analamanga,18.86745, 47.52119   ,ANSERIFORME,A,Au,Anatidae,Au,Anas erythrorhyncha,Au,Anas,erythrorhyncha,1,Vert,I,Ad,S,S,S,H,E, As , O ,B, G ,A,PM,1,Analysé,Négatif,0
98,Dr.cu 098,C1,5/30/16,berge lac,TSR,Tanà Centre,Analamanga,18.86797, 47.52116   ,GRUIFORME,G,Au,Rallidae,R,Dryolimnas cuvieri,Au,Dryolimnas,cuvieri,1,Vert,F,Ad,S,S,S,H,E, As , O ,B, A ,ER,PM,1,Analysé,Négatif,0
99,Dr.cu 099,C1,5/30/16,berge lac,TSR,Tanà Centre,Analamanga,18.86833, 47.52127   ,GRUIFORME,G,Au,Rallidae,R,Dryolimnas cuvieri,Au,Dryolimnas,cuvieri,1,Vert,M,Ad,S,S,S,H,E, As , O ,B, A ,ER,PM,1,Analysé,Négatif,0
100,Eg.ar 100,C1,5/30/16,Ïlot,TSR,Tanà Centre,Analamanga,18.86804, 47.56344   ,CICONIIFORME,C,C,Ardeidae,Ar,Egretta ardesiaca,EAr,Egretta,ardesiaca,1,Vert,I,Ad,S,ML,M,H,E, H , O ,B, G ,A,PM,1,Analysé,Négatif,0
101,Eg.ar 101,C1,5/30/16,Ïlot,TSR,Tanà Centre,Analamanga,18.86804, 47.56344   ,CICONIIFORME,C,C,Ardeidae,Ar,Egretta ardesiaca,EAr,Egretta,ardesiaca,1,Vert,I,Ad,S,ML,M,H,E, H , O ,B, G ,A,PM,1,Analysé,Négatif,0
102,Eg.ar 102,C1,5/30/16,Ïlot,TSR,Tanà Centre,Analamanga,18.86804, 47.56344   ,CICONIIFORME,C,C,Ardeidae,Ar,Egretta ardesiaca,EAr,Egretta,ardesiaca,1,Vert,I,Ad,S,ML,M,H,E, H , O ,B, G ,A,PM,1,Analysé,Positif,1
103,Ac.ne 103,C1,5/31/16,Ïlot,TSR,Tanà Centre,Analamanga,18.86804, 47.56344   ,PASSERIFORME,P,P,Sylviidae,Sy,Acrocephalus newtoni,Au,Acrocephalus,newtoni,1,Vert,I,Ad,S,S,S,H, E , H , O ,B, A ,EM,PM,1,Analysé,Négatif,0
104,Eg.ar 104,C1,5/31/16,Ïlot,TSR,Tanà Centre,Analamanga,18.86804, 47.56344   ,CICONIIFORME,C,C,Ardeidae,Ar,Egretta ardesiaca,EAr,Egretta,ardesiaca,1,SB,I,Ad,S,ML,M,H,E, H , O ,B, G ,A,PM,1,Analysé,Négatif,0
105,Fa.zo 105,C1,5/31/16,Ïlot,TSR,Tanà Centre,Analamanga,18.86804, 47.56344   ,FALCONIFORME,A,Au,Falconidae,Au,Falco zoniventris,Au,Falco,zoniventris,1,SB,I,Ad,S,S,S, F , A , H , O ,B, A ,EM,PM,1,Analysé,Négatif,0
106,Me.su 106,C1,5/3/16,Rodéo,ABP,Tanà Sud,Vakinankaratra,19.3728, 47.43941   ,CORACIIFORME,A,Au,Meropidae,Au,Merops superciliosus,Au,Merops,superciliosus,1,Blanc,I,Ad,S,ML,M, O , A , As , N ,B, G ,A,PM,1,Analysé,Négatif,0
107,Ac.tr 107,C1,5/3/16,Rodéo,ABP,Tanà Sud,Vakinankaratra,19.3728, 47.43941   ,PASSERIFORME,P,P,SturnCdae, St ,AcrCdotheres trCstCs,Ac,AcrCdotheres,trCstCs,1,Blanc,I,Ad,S,ML,M, O , A , H , N ,E, G ,C,PM,1,Analysé,NégatCf,0
108,Mo.fl 108,C1,5/4/16,Rodéo,ABP,Tanà Sud,Vakinankaratra,19.3728, 47.43941   ,PASSERIFORME,P,P,Motacillidae,Au,Motacilla flaviventris,Au,Motacilla,flaviventris,1,Blanc,I,Ad,S,ML,M, O , M , H , N ,M, A ,EM,PM,1,Analysé,Négatif,0
109,Mo.fl 109,C1,5/5/16,Abattoir,ABP,Tanà Sud,Vakinankaratra,19.38379, 47.43088   ,PASSERIFORME,P,P,Motacillidae,Au,Motacilla flaviventris,Au,Motacilla,flaviventris,1,Blanc,I,Ad,S,ML,M, O , M , H , O ,M, A ,EM,PM,1,Analysé,Négatif,0
110,Fo.ma 110,C1,5/6/16,Sortie,ABP,Tanà Sud,Vakinankaratra,19.39396, 47.41643   ,PASSERIFORME,P,P,Ploceidae, Pl ,Foudia madagascariensis,F,Foudia,madagascariensis,1,Blanc,M,J,S,S,S, O , M , H , O ,E, G ,EM,PM,1,Analysé,Positif,1
111,Co.vi 111,C1,5/6/16,Sortie,ABP,Tanà Sud,Vakinankaratra,19.39396, 47.41643   ,CORACIIFORME,A,Au,Alcedinidae,Au,Alcedo vintsioides,Au,Alcedo,vintsioides,1,Blanc,I,Ad,S,S,S,H,E, As , O ,B, A ,ER,PM,1,Analysé,Négatif,0
112,Fo.ma 112,C1,5/7/16,Sortie,ABP,Tanà Sud,Vakinankaratra,19.39396, 47.41643   ,PASSERIFORME,P,P,Ploceidae, Pl ,Foudia madagascariensis,F,Foudia,madagascariensis,1,Blanc,F,J,S,S,S, O , M , H , O ,E, G ,EM,PM,1,Analysé,Négatif,0
113,Mo.fl 113,C1,5/6/16,Sortie,ABP,Tanà Sud,Vakinankaratra,19.39396, 47.41643   ,PASSERIFORME,P,P,Motacillidae,Au,Motacilla flaviventris,Au,Motacilla,flaviventris,1,Blanc,I,Ad,S,ML,M, O , M , H , O ,M, A ,EM,PM,1,Analysé,Négatif,0
114,St.pi 114,C1,5/7/16,Sortie,ABP,Tanà Sud,Vakinankaratra,19.3941, 47.41764   ,COLUMBIFORME,A,Au,colombidae,Au,Streptopelia picturata,Au,Streptopelia,picturata,1,Blanc,I,Ad,S,S,S, F ,A, H , O ,E, A ,ER,PM,1,Analysé,Négatif,0
115,Ne.ty 115,C1,5/7/16,Sortie,ABP,Tanà Sud,Vakinankaratra,19.39421, 47.41766   ,PASSERIFORME,P,P,Sylviidae,Sy,Nesillas typica,Au,Nesillas,typica,1,Blanc,I,Ad,S,S,S, F ,A, As , O ,B, A ,ER,PM,1,Analysé,Négatif,0
116,Fo.ma 116,C1,5/7/16,Sortie,ABP,Tanà Sud,Vakinankaratra,19.39421, 47.41766   ,PASSERIFORME,P,P,Ploceidae, Pl ,Foudia madagascariensis,F,Foudia,madagascariensis,1,Blanc,M,J,S,S,S, O , M , H , O ,E, G ,EM,PM,1,Analysé,Négatif,0
117,Fo.ma 117,C1,5/7/16,Sortie,ABP,Tanà Sud,Vakinankaratra,19.39421, 47.41766   ,PASSERIFORME,P,P,Ploceidae, Pl ,Foudia madagascariensis,F,Foudia,madagascariensis,1,Blanc,M,J,S,S,S, O , M , H , O ,E, G ,EM,PM,1,Analysé,Négatif,0
118,Fo.ma 118,C1,5/7/16,Sortie,ABP,Tanà Sud,Vakinankaratra,19.39421, 47.41766   ,PASSERIFORME,P,P,Ploceidae, Pl ,Foudia madagascariensis,F,Foudia,madagascariensis,1,Blanc,F,Ad,S,S,S, O , M , H , O ,E, G ,EM,PM,1,Analysé,Négatif,0
119,Ac.tr 119,C1,5/7/16,SortCe,ABP,Tanà Sud,Vakinankaratra,19.39421, 47.41766   ,PASSERIFORME,P,P,SturnCdae, St ,AcrCdotheres trCstCs,Ac,AcrCdotheres,trCstCs,1,Blanc,I,Ad,S,ML,M, O , A , H , O ,E, G ,C,PM,1,Analysé,NégatCf,0
120,Ca.ma 120,C1,5/7/16,Sortie,ABP,Tanà Sud,Vakinankaratra,19.39421, 47.41766   ,CAPRIMULGIFORME,A,Au,Caprimulgidae,Au,Caprimulgus Madagascariensis,Au,Caprimulgus,Madagascariensis,1,Blanc,I,Ad,S,S,S, O , A , As , O ,B, A ,ER,PM,1,Analysé,Négatif,0
121,Ac.ne 121,C1,5/7/16,Sortie,ABP,Tanà Sud,Vakinankaratra,19.39421, 47.41766   ,PASSERIFORME,P,P,Sylviidae,Sy,Acrocephalus newtoni,Au,Acrocephalus,newtoni,1,Blanc,I,Ad,S,S,S,H, E , H , O ,B, A ,EM,PM,1,Analysé,Négatif,0
122,Fo.ma 122,C1,5/7/16,Sortie,ABP,Tanà Sud,Vakinankaratra,19.39421, 47.41766   ,PASSERIFORME,P,P,Ploceidae, Pl ,Foudia madagascariensis,F,Foudia,madagascariensis,1,Blanc,F,Ad,S,S,S, O , M , H , O ,E, G ,EM,PM,1,Analysé,Négatif,0
123,Ga.ma 001,C2,11/25/16,Ankazomirahavavy ,TF,Moramanga,Alaotra Mangoro,18°52.039',48°22.097',CHARADRIIFORME,CH,Au,Scolopacidae,Sc,Gallinago macrodactyla,G,Gallinago,macrodactyla,1,vert (alu),I,Ad,S,S,S,H,E, As , O ,B, G ,EM,V,1,Analysé,Négatif,0
124,Sa.to 002,C2,11/25/16,Ankazomirahavavy ,TF,Moramanga,Alaotra Mangoro,18°52.039',48°22.097',PASSERIFORME,P,P,Turdidae ,T,Saxicola torquata,Au,Saxicola,torquata,1,SB,F,Ad,S,S,S, O , M , As , O ,B, A ,C,PM,1,Analysé,Négatif,0
125,Sa.in 003,C2,11/25/16,Ankazomirahavavy ,TF,Moramanga,Alaotra Mangoro,18°52.206',48°22.075',GRUIFORME,G,Au,Rallidae,R,Sarothrura insularis,S,Sarothrura,insularis,1,vert (alu),F,Ad,S,S,S,H,E, As , O ,B, A ,EM,PM,1,Analysé,Négatif,0
126,Ra.ma 004,C2,11/25/16,Ankazomirahavavy ,TF,Moramanga,Alaotra Mangoro,18°52.066',48°22.012',GRUIFORME,G,Au,Rallidae,R,Rallus madagascariensis,R,Rallus,madagascariensis,1,vert (alu),M,Ad,S,S,S,H,E, As , O ,B, A ,EM,V,1,Analysé,Négatif,0
127,Ra.ma 005,C2,11/25/16,Ankazomirahavavy ,TF,Moramanga,Alaotra Mangoro,18°52.066',48°22.012',GRUIFORME,G,Au,Rallidae,R,Rallus madagascariensis,R,Rallus,madagascariensis,1,vert (alu),M,Ad,S,S,S,H,E, As , O ,B, A ,EM,V,1,Analysé,Négatif,0
128,Ra.ma 006,C2,11/25/16,Ankazomirahavavy ,TF,Moramanga,Alaotra Mangoro,18°52.362',48°22.044',GRUIFORME,G,Au,Rallidae,R,Rallus madagascariensis,R,Rallus,madagascariensis,1,vert (alu),M,Ad,S,S,S,H,E, As , O ,B, A ,EM,V,1,Analysé,Négatif,0
129,Ga.ma 007,C2,11/26/16,Torotorofotsy,TF,Moramanga,Alaotra Mangoro,18°52.362',48°22.044',CHARADRIIFORME,CH,Au,Scolopacidae,Sc,Gallinago macrodactyla,G,Gallinago,macrodactyla,1,vert (alu),I,Ad,S,S,S,H,E, As , O ,B, G ,EM,V,1,Analysé,Négatif,0
130,Ga.ma 008,C2,11/26/16,Torotorofotsy,TF,Moramanga,Alaotra Mangoro,18°52.362',48°22.044',CHARADRIIFORME,CH,Au,Scolopacidae,Sc,Gallinago macrodactyla,G,Gallinago,macrodactyla,1,vert (alu),I,Ad,S,S,S,H,E, As , O ,B, G ,EM,V,1,Analysé,Négatif,0
131,Ci.ch 009,C2,11/26/16,Torotorofotsy,TF,Moramanga,Alaotra Mangoro,18°52.400',48°22.076',PASSERIFORME,P,P,Sylviidae,Sy,Cisticola cherina,Au,Cisticola,cherina,1,SB,I,Ad,S,S,S, O , M , H , O ,B, G ,ER,PM,1,Analysé,Négatif,0
132,Sa.to 010,C2,11/26/16,Torotorofotsy,TF,Moramanga,Alaotra Mangoro,18°52.400',48°22.076',PASSERIFORME,P,P,Turdidae ,T,Saxicola torquata,Au,Saxicola,torquata,1,SB,F,Ad,S,S,S, O , M , As , O ,B, A ,C,PM,1,Analysé,Négatif,0
133,Ga.ma 011,C2,11/26/16,Torotorofotsy,TF,Moramanga,Alaotra Mangoro,18°52.400',48°22.076',CHARADRIIFORME,CH,Au,Scolopacidae,Sc,Gallinago macrodactyla,G,Gallinago,macrodactyla,1,vert (alu),I,Ad,S,S,S,H,E, As , O ,B, G ,EM,V,1,Analysé,Négatif,0
134,Ga.ma 012,C2,11/26/16,Torotorofotsy,TF,Moramanga,Alaotra Mangoro,18°51.901',48°21.953',CHARADRIIFORME,CH,Au,Scolopacidae,Sc,Gallinago macrodactyla,G,Gallinago,macrodactyla,1,vert (alu),I,Ad,S,S,S,H,E, As , O ,B, G ,EM,V,1,Analysé,Positif,1
135,Ga.ma 013,C2,11/26/16,Torotorofotsy,TF,Moramanga,Alaotra Mangoro,18°51.901',48°21.953',CHARADRIIFORME,CH,Au,Scolopacidae,Sc,Gallinago macrodactyla,G,Gallinago,macrodactyla,1,vert (alu),I,Ad,S,S,S,H,E, As , O ,B, G ,EM,V,1,Analysé,Négatif,0
136,Ga.ma 014,C2,11/26/16,Torotorofotsy,TF,Moramanga,Alaotra Mangoro,18°51.901',48°21.953',CHARADRIIFORME,CH,Au,Scolopacidae,Sc,Gallinago macrodactyla,G,Gallinago,macrodactyla,1,vert (alu),I,Ad,S,S,S,H,E, As , O ,B, G ,EM,V,1,Analysé,Négatif,0
137,Ga.ma 015,C2,11/26/16,Torotorofotsy,TF,Moramanga,Alaotra Mangoro,18°52.235',48°21.922,CHARADRIIFORME,CH,Au,Scolopacidae,Sc,Gallinago macrodactyla,G,Gallinago,macrodactyla,1,vert (alu),I,Ad,S,S,S,H,E, As , O ,B, G ,EM,V,1,Analysé,Négatif,0
138,Sa.in 016,C2,11/26/16,Fandrana,TF,Moramanga,Alaotra Mangoro,18°51.876',48°21.984',GRUIFORME,G,Au,Rallidae,R,Sarothrura insularis,S,Sarothrura,insularis,1,vert (alu),I,Ad,S,S,S,H,E, As , O ,B, A ,EM,PM,1,Analysé,Négatif,0
139,Sa.in 017,C2,11/26/16,Fandrana,TF,Moramanga,Alaotra Mangoro,18°51.876',48°21.984',GRUIFORME,G,Au,Rallidae,R,Sarothrura insularis,S,Sarothrura,insularis,1,vert (alu),I,Ad,S,S,S,H,E, As , O ,B, A ,EM,PM,1,Analysé,Négatif,0
140,Ra.ma 018,C2,11/26/16,Fandrana,TF,Moramanga,Alaotra Mangoro,18°51.904',48°21.974',GRUIFORME,G,Au,Rallidae,R,Rallus madagascariensis,R,Rallus,madagascariensis,1,vert (alu),I,Ad,S,S,S,H,E, As , O ,B, A ,EM,V,1,Analysé,Négatif,0
141,Ra.ma 019,C2,11/27/16,Torotorofotsy,TF,Moramanga,Alaotra Mangoro,18°52.560',48°22.070',GRUIFORME,G,Au,Rallidae,R,Rallus madagascariensis,R,Rallus,madagascariensis,1,vert (alu),I,Ad,S,S,S,H,E, As , O ,B, A ,EM,V,1,Analysé,Négatif,0
142,Sa.in 020,C2,11/27/16,Torotorofotsy,TF,Moramanga,Alaotra Mangoro,18°52.517',48°22.190',GRUIFORME,G,Au,Rallidae,R,Sarothrura insularis,S,Sarothrura,insularis,1,vert (alu),I,Ad,S,S,S,H,E, As , O ,B, A ,EM,PM,1,Analysé,Négatif,0
143,Ra.ma 021,C2,11/27/16,Torotorofotsy,TF,Moramanga,Alaotra Mangoro,18°52.563',48°22.111',GRUIFORME,G,Au,Rallidae,R,Rallus madagascariensis,R,Rallus,madagascariensis,1,vert (alu),I,Ad,S,S,S,H,E, As , O ,B, A ,EM,V,1,Analysé,Négatif,0
144,Ra.ma 022,C2,11/27/16,Torotorofotsy,TF,Moramanga,Alaotra Mangoro,18°52.563',48°22.111',GRUIFORME,G,Au,Rallidae,R,Rallus madagascariensis,R,Rallus,madagascariensis,1,vert (alu),I,Ad,S,S,S,H,E, As , O ,B, A ,EM,V,1,Analysé,Négatif,0
145,Ra.ma 023,C2,11/27/16,Torotorofotsy,TF,Moramanga,Alaotra Mangoro,18°52.563',48°22.111',GRUIFORME,G,Au,Rallidae,R,Rallus madagascariensis,R,Rallus,madagascariensis,1,vert (alu),I,Ad,S,S,S,H,E, As , O ,B, A ,EM,V,1,Analysé,Négatif,0
146,Ga.ma 024,C2,11/28/16,Andasimbaiavy,TF,Moramanga,Alaotra Mangoro,18°52.763',48°21.856',CHARADRIIFORME,CH,Au,Scolopacidae,Sc,Gallinago macrodactyla,G,Gallinago,macrodactyla,1,vert (alu),I,Ad,S,S,S,H,E, As , O ,B, G ,EM,V,1,Analysé,Négatif,0
147,Sa.in 025,C2,11/28/16,Andasimbaiavy,TF,Moramanga,Alaotra Mangoro,18°52.784',48°21.889',GRUIFORME,G,Au,Rallidae,R,Sarothrura insularis,S,Sarothrura,insularis,1,vert (alu),M,Ad,S,S,S,H,E, As , O ,B, A ,EM,PM,1,Analysé,Négatif,0
148,Ra.ma 026,C2,11/29/16,Andasimbaiavy,TF,Moramanga,Alaotra Mangoro,18°52.754',48°21.861',GRUIFORME,G,Au,Rallidae,R,Rallus madagascariensis,R,Rallus,madagascariensis,1,vert (alu),M,Ad,S,S,S,H,E, As , O ,B, A ,EM,V,1,Analysé,Négatif,0
149,Ga.ma 027,C2,11/29/16,Soarindra,TF,Moramanga,Alaotra Mangoro,18°52.575',48°22.034',CHARADRIIFORME,CH,Au,Scolopacidae,Sc,Gallinago macrodactyla,G,Gallinago,macrodactyla,1,vert (alu),I,Ad,S,S,S,H,E, As , O ,B, G ,EM,V,1,Analysé,Négatif,0
150,Ra.ma 028,C2,11/29/16,Soarindra,TF,Moramanga,Alaotra Mangoro,18°52.575',48°22.034',GRUIFORME,G,Au,Rallidae,R,Rallus madagascariensis,R,Rallus,madagascariensis,1,vert (alu),M,Ad,S,S,S,H,E, As , O ,B, A ,EM,V,1,Analysé,Négatif,0
151,Fo.ma 029,C2,11/29/16,Soarindra,TF,Moramanga,Alaotra Mangoro,18°52.575',48°22.034',PASSERIFORME,P,P,Ploceidae, Pl ,Foudia madagascariensis,F,Foudia,madagascariensis,1,SB,M,Ad,S,S,S, O , M , H , O ,E, G ,EM,PM,1,Analysé,Négatif,0
152,Ci.ch 030,C2,11/29/16,Soarindra,TF,Moramanga,Alaotra Mangoro,18°52.575',48°22.034',PASSERIFORME,P,P,Sylviidae,Sy,Cisticola cherina,Au,Cisticola,cherina,1,SB,I,Ad,S,S,S, O , M , H , O ,B, G ,ER,PM,1,Analysé,Négatif,0
153,Ra.ma 031,C2,11/29/16,Soarindra,TF,Moramanga,Alaotra Mangoro,18°52.661',48°22.034',GRUIFORME,G,Au,Rallidae,R,Rallus madagascariensis,R,Rallus,madagascariensis,1,vert (alu),M,Ad,S,S,S,H,E, As , O ,B, A ,EM,V,1,Analysé,Négatif,0
154,Ga.ma 032,C2,11/29/16,Soarindra,TF,Moramanga,Alaotra Mangoro,18°52.661',48°22.034',CHARADRIIFORME,CH,Au,Scolopacidae,Sc,Gallinago macrodactyla,G,Gallinago,macrodactyla,1,vert (alu),I,Ad,S,S,S,H,E, As , O ,B, G ,EM,V,1,Analysé,Négatif,0
155,Ra.ma 033,C2,11/29/16,Soarindra,TF,Moramanga,Alaotra Mangoro,18°52.661',48°22.034',GRUIFORME,G,Au,Rallidae,R,Rallus madagascariensis,R,Rallus,madagascariensis,1,vert (alu),I,Ad,S,S,S,H,E, As , O ,B, A ,EM,V,1,Analysé,Positif,1
156,Ga.ma 034,C2,11/29/16,Soarindra,TF,Moramanga,Alaotra Mangoro,18°52.540',48°22.031',CHARADRIIFORME,CH,Au,Scolopacidae,Sc,Gallinago macrodactyla,G,Gallinago,macrodactyla,1,vert (alu),I,Ad,S,S,S,H,E, As , O ,B, G ,EM,V,1,Analysé,Négatif,0
157,Ra.ma 035,C2,11/29/16,Soarindra,TF,Moramanga,Alaotra Mangoro,18°52.582',48°22.037',GRUIFORME,G,Au,Rallidae,R,Rallus madagascariensis,R,Rallus,madagascariensis,1,vert (alu),I,Ad,S,S,S,H,E, As , O ,B, A ,EM,V,1,Analysé,Négatif,0
158,Ga.ma 036,C2,11/29/16,Soarindra,TF,Moramanga,Alaotra Mangoro,18°52.540',48°22.031',CHARADRIIFORME,CH,Au,Scolopacidae,Sc,Gallinago macrodactyla,G,Gallinago,macrodactyla,1,vert (alu),I,Ad,S,S,S,H,E, As , O ,B, G ,EM,V,1,Analysé,Négatif,0
159,Ra.ma 037,C2,11/29/16,Soarindra,TF,Moramanga,Alaotra Mangoro,18°51.726',48°21.730',CHARADRIIFORME,CH,Au,Scolopacidae,Sc,Gallinago macrodactyla,G,Gallinago,macrodactyla,1,vert (alu),I,Ad,S,S,S,H,E, As , O ,B, G ,EM,V,1,Analysé,Négatif,0
160,Sa.in 038,C2,11/29/16,Ankemalamba,TF,Moramanga,Alaotra Mangoro,18°51.732',48°21.744',GRUIFORME,G,Au,Rallidae,R,Sarothrura insularis,S,Sarothrura,insularis,1,vert (alu),I,Ad,S,S,S,H,E, As , O ,B, A ,EM,PM,1,Analysé,Négatif,0
161,Ga.ma 039,C2,11/30/16,Torotorofotsy,TF,Moramanga,Alaotra Mangoro,18°52.579',48°22.095',CHARADRIIFORME,CH,Au,Scolopacidae,Sc,Gallinago macrodactyla,G,Gallinago,macrodactyla,1,vert (alu),I,Ad,S,S,S,H,E, As , O ,B, G ,EM,V,1,Analysé,Négatif,0
162,Ga.ma 040,C2,11/30/16,Torotorofotsy,TF,Moramanga,Alaotra Mangoro,18°52.565',48°22.145',CHARADRIIFORME,CH,Au,Scolopacidae,Sc,Gallinago macrodactyla,G,Gallinago,macrodactyla,1,vert (alu),I,Ad,S,S,S,H,E, As , O ,B, G ,EM,V,1,Analysé,Négatif,0
163,Ra.ma 041,C2,11/30/16,Ankemalamba,TF,Moramanga,Alaotra Mangoro,18°51.716',48°21.809',GRUIFORME,G,Au,Rallidae,R,Rallus madagascariensis,R,Rallus,madagascariensis,1,vert (alu),I,Ad,S,S,S,H,E, As , O ,B, A ,EM,V,1,Analysé,Négatif,0
164,Ra.ma 042,C2,12/1/16,Amboaramena,TF,Moramanga,Alaotra Mangoro,18°53.506',48°21.642',GRUIFORME,G,Au,Rallidae,R,Rallus madagascariensis,R,Rallus,madagascariensis,1,vert (alu),I,Ad,S,S,S,H,E, As , O ,B, A ,EM,V,1,Analysé,Négatif,0
165,Sa.in 043,C2,12/1/16,Amboaramena,TF,Moramanga,Alaotra Mangoro,18°53.506',48°21.642',GRUIFORME,G,Au,Rallidae,R,Sarothrura insularis,S,Sarothrura,insularis,1,vert (alu),I,Ad,S,S,S,H,E, As , O ,B, A ,EM,PM,1,Analysé,Négatif,0
166,Al.vi 044,C2,12/1/16,Amboaramena,TF,Moramanga,Alaotra Mangoro,18°53.506',48°21.642',CORACIIFORME,A,Au,Alcedinidae,Au,Alcedo vintsioides,Au,Alcedo,vintsioides,1,SB,I,Ad,S,S,S,H,E, As , O ,B, A ,ER,PM,1,Analysé,Négatif,0
167,Ga.ma 045,C2,12/1/16,Amboaramena,TF,Moramanga,Alaotra Mangoro,18°53.462',48°21.554',CHARADRIIFORME,CH,Au,Scolopacidae,Sc,Gallinago macrodactyla,G,Gallinago,macrodactyla,1,vert (alu),I,Ad,S,S,S,H,E, As , O ,B, G ,EM,V,1,Analysé,Négatif,0
168,Sa.in 046,C2,12/1/16,Amboaramena,TF,Moramanga,Alaotra Mangoro,18°53.331',48°21.468',GRUIFORME,G,Au,Rallidae,R,Sarothrura insularis,S,Sarothrura,insularis,1,vert (alu),M,Ad,S,S,S,H,E, As , O ,B, A ,EM,PM,1,Analysé,Négatif,0
169,Ga.ma 047,C2,12/1/16,Amboaramena,TF,Moramanga,Alaotra Mangoro,18°53.189',48°21.601',CHARADRIIFORME,CH,Au,Scolopacidae,Sc,Gallinago macrodactyla,G,Gallinago,macrodactyla,1,vert (alu),I,Ad,S,S,S,H,E, As , O ,B, G ,EM,V,1,Analysé,Négatif,0
170,Ga.ma 048,C2,12/1/16,Soarindra,TF,Moramanga,Alaotra Mangoro,18°53.180',48°21.593',CHARADRIIFORME,CH,Au,Scolopacidae,Sc,Gallinago macrodactyla,G,Gallinago,macrodactyla,1,vert (alu),I,Ad,S,S,S,H,E, As , O ,B, G ,EM,V,1,Analysé,Négatif,0
171,Ra.ma 049,C2,12/1/16,Ankemalamba,TF,Moramanga,Alaotra Mangoro,18°51.695',48°21.743',GRUIFORME,G,Au,Rallidae,R,Rallus madagascariensis,R,Rallus,madagascariensis,1,vert (alu),M,J,S,S,S,H,E, As , O ,B, A ,EM,V,1,Analysé,Négatif,0
172,Hy.ma 050,C2,12/2/16,Savarina,TF,Moramanga,Alaotra Mangoro,18°52.337',48°20.644',PASSERIFORME,P,P,Pycnonotidae,PY,Hypsipetes madagascariensis,H,Hypsipetes,madagascariensis,1,SB,I,Ad,S,S,S, F , A , H , N ,M, G ,ER,PM,1,Analysé,Positif,1
173,Ra.ma 051,C2,12/2/16,Ankemalamba,TF,Moramanga,Alaotra Mangoro,18°51.786',48°21.803',GRUIFORME,G,Au,Rallidae,R,Rallus madagascariensis,R,Rallus,madagascariensis,1,vert (alu),M,J,S,S,S,H,E, As , O ,B, A ,EM,V,1,Analysé,Négatif,0
174,Ra.ma 052,C2,12/2/16,Ankemalamba,TF,Moramanga,Alaotra Mangoro,18°51.800',48°21.837',GRUIFORME,G,Au,Rallidae,R,Rallus madagascariensis,R,Rallus,madagascariensis,1,vert (alu),M,Ad,S,S,S,H,E, As , O ,B, A ,EM,V,1,Analysé,Négatif,0
175,Ra.ma 053,C2,12/2/16,Ankemalamba,TF,Moramanga,Alaotra Mangoro,18°51.800',48°21.837',GRUIFORME,G,Au,Rallidae,R,Rallus madagascariensis,R,Rallus,madagascariensis,1,vert (alu),M,Ad,S,S,S,H,E, As , O ,B, A ,EM,V,1,Analysé,Négatif,0
176,Sa.in 054,C2,12/2/16,Ankemalamba,TF,Moramanga,Alaotra Mangoro,18°51.781',48°21.837',GRUIFORME,G,Au,Rallidae,R,Sarothrura insularis,S,Sarothrura,insularis,1,vert (alu),F,Ad,S,S,S,H,E, As , O ,B, A ,EM,PM,1,Analysé,Négatif,0
177,Ga.ma 055,C2,12/3/16,Soarindra,TF,Moramanga,Alaotra Mangoro,18°51.781',48°21.837',CHARADRIIFORME,CH,Au,Scolopacidae,Sc,Gallinago macrodactyla,G,Gallinago,macrodactyla,1,vert (alu),I,Ad,S,S,S,H,E, As , O ,B, G ,EM,V,1,Analysé,Négatif,0
178,Ga.ma 056,C2,12/3/16,Soarindra,TF,Moramanga,Alaotra Mangoro,18°51.781',48°21.837',CHARADRIIFORME,CH,Au,Scolopacidae,Sc,Gallinago macrodactyla,G,Gallinago,macrodactyla,1,vert (alu),I,Ad,S,S,S,H,E, As , O ,B, G ,EM,V,1,Analysé,Négatif,0
179,Ga.ma 057 ,C2,12/3/16,Soarindra,TF,Moramanga,Alaotra Mangoro,18°51.781',48°21.837',CHARADRIIFORME,CH,Au,Scolopacidae,Sc,Gallinago macrodactyla,G,Gallinago,macrodactyla,1,vert (alu),I,Ad,S,S,S,H,E, As , O ,B, G ,EM,V,1,Analysé,Négatif,0
180,Ga.ma 058,C2,12/4/16,Ankazomirahavavy ,TF,Moramanga,Alaotra Mangoro,18°52.203',48°22.032',CHARADRIIFORME,CH,Au,Scolopacidae,Sc,Gallinago macrodactyla,G,Gallinago,macrodactyla,1,vert (alu),I,Ad,S,S,S,H,E, As , O ,B, G ,EM,V,1,Analysé,Négatif,0
181,Ga.ma 059,C2,12/4/16,Ankazomirahavavy ,TF,Moramanga,Alaotra Mangoro,18°52.203',48°22.032',CHARADRIIFORME,CH,Au,Scolopacidae,Sc,Gallinago macrodactyla,G,Gallinago,macrodactyla,1,vert (alu),I,Ad,S,S,S,H,E, As , O ,B, G ,EM,V,1,Analysé,Positif,1
182,Ga.ma 060,C2,12/4/16,Ankazomirahavavy ,TF,Moramanga,Alaotra Mangoro,18°52.203',48°22.032',CHARADRIIFORME,CH,Au,Scolopacidae,Sc,Gallinago macrodactyla,G,Gallinago,macrodactyla,1,vert (alu),I,Ad,S,S,S,H,E, As , O ,B, G ,EM,V,1,Analysé,Négatif,0
183,Ra.ma 061,C2,12/4/16,Ankazomirahavavy ,TF,Moramanga,Alaotra Mangoro,18°52.291',48°22.213',GRUIFORME,G,Au,Rallidae,R,Rallus madagascariensis,R,Rallus,madagascariensis,1,vert (alu),M,Ad,S,S,S,H,E, As , O ,B, A ,EM,V,1,Analysé,Négatif,0
184,Ra.ma 062,C2,12/4/16,Ankazomirahavavy ,TF,Moramanga,Alaotra Mangoro,18°52.195',48°22.085',GRUIFORME,G,Au,Rallidae,R,Rallus madagascariensis,R,Rallus,madagascariensis,1,vert (alu),M,Ad,S,S,S,H,E, As , O ,B, A ,EM,V,1,Analysé,Négatif,0
185,Ra.ma 063,C2,12/4/16,Ankemalamba,TF,Moramanga,Alaotra Mangoro,18°51.947',48°21.982',GRUIFORME,G,Au,Rallidae,R,Rallus madagascariensis,R,Rallus,madagascariensis,1,vert (alu),M,Ad,S,S,S,H,E, As , O ,B, A ,EM,V,1,Analysé,Négatif,0
186,Sa.in 064,C2,12/4/16,Ankemalamba,TF,Moramanga,Alaotra Mangoro,18°51.947',48°21.982',GRUIFORME,G,Au,Rallidae,R,Sarothrura insularis,S,Sarothrura,insularis,1,vert (alu),F,Ad,S,S,S,H,E, As , O ,B, A ,EM,PM,1,Analysé,Positif,1
187,Ra.ma 065,C2,12/4/16,Ankemalamba,TF,Moramanga,Alaotra Mangoro,18°51.947',48°21.982',GRUIFORME,G,Au,Rallidae,R,Rallus madagascariensis,R,Rallus,madagascariensis,1,vert (alu),M,Ad,S,S,S,H,E, As , O ,B, A ,EM,V,1,Analysé,Négatif,0
188,Ra.ma 066,C2,12/4/16,Ankemalamba,TF,Moramanga,Alaotra Mangoro,18°51.947',48°21.982',GRUIFORME,G,Au,Rallidae,R,Rallus madagascariensis,R,Rallus,madagascariensis,1,vert (alu),M,Ad,S,S,S,H,E, As , O ,B, A ,EM,V,1,Analysé,Négatif,0
189,Ne.no 067,C2,12/5/16,Berano,TF,Moramanga,Alaotra Mangoro,18°51.025',48°21.189',PASSERIFORME,P,P,Nectariniidae,N,Nectarinia notata,Au,Nectarinia,notata,1,SB,M,Ad,S,S,S, F , M , H , N ,M, G ,ER,PM,1,Analysé,Positif,1
190,Zo.ma 068,C2,12/5/16,Berano,TF,Moramanga,Alaotra Mangoro,18°51.025',48°21.189',PASSERIFORME,P,P,Zosteropidae,Zo,Zosterops maderaspatana,Z,Zosterops,maderaspatana,1,SB,I,Ad,S,S,S, O , A , H , N ,M, G ,ER,PM,1,Analysé,Positif,1
191,Plo.ne 069,C2,12/5/16,Berano,TF,Moramanga,Alaotra Mangoro,18°51.025',48°21.189',PASSERIFORME,P,P,Ploceidae, Pl ,Ploceus nelicourvi,Au,Ploceus,nelicourvi,1,SB,M,Ad,S,S,S, F , A , As , N ,B, G ,EM,PM,1,Analysé,Positif,1
192,Ne.so 070,C2,12/5/16,Berano,TF,Moramanga,Alaotra Mangoro,18°51.025',48°21.189',PASSERIFORME,P,P,Nectariniidae,N,Nectarinia somanga,NS,Nectarinia,somanga,1,SB,F,Ad,S,S,S, F , M , H , O ,M, G ,ER,PM,1,Analysé,Négatif,0
193,Sa.to 071,C2,12/5/16,Berano,TF,Moramanga,Alaotra Mangoro,18°51.025',48°21.189',PASSERIFORME,P,P,Turdidae ,T,Saxicola torquata,Au,Saxicola,torquata,1,SB,F,Ad,S,S,S, O , M , As , O ,B, A ,C,PM,1,Analysé,Négatif,0
194,Ne.so 072,C2,12/5/16,Berano,TF,Moramanga,Alaotra Mangoro,18°51.025',48°21.189',PASSERIFORME,P,P,Nectariniidae,N,Nectarinia somanga,NS,Nectarinia,somanga,1,SB,M,Ad,S,S,S, F , M , H , O ,M, G ,ER,PM,1,Analysé,Négatif,0
196,Hy.ma 074,C2,12/5/16,Berano,TF,Moramanga,Alaotra Mangoro,18°51.025',48°21.189',PASSERIFORME,P,P,Pycnonotidae,PY,Hypsipetes madagascariensis,H,Hypsipetes,madagascariensis,1,SB,I,Ad,S,S,S, F , A , H , N ,M, G ,ER,PM,1,Analysé,Positif,1
197,Hy.ma 075,C2,12/5/16,Berano,TF,Moramanga,Alaotra Mangoro,18°51.025',48°21.189',PASSERIFORME,P,P,Pycnonotidae,PY,Hypsipetes madagascariensis,H,Hypsipetes,madagascariensis,1,SB,I,Ad,S,S,S, F , A , H , N ,M, G ,ER,PM,1,Analysé,Positif,1
198,Ra.ma 076,C2,12/6/16,Antsahamenarana,TF,Moramanga,Alaotra Mangoro,18°51.218',48°21.708',GRUIFORME,G,Au,Rallidae,R,Rallus madagascariensis,R,Rallus,madagascariensis,1,Rouge (alu),M,Ad,S,S,S,H,E, As , O ,B, A ,EM,V,1,Analysé,Négatif,0
199,Ra.ma 077,C2,12/6/16,Antsahamenarana,TF,Moramanga,Alaotra Mangoro,18°51.218',48°21.708',GRUIFORME,G,Au,Rallidae,R,Rallus madagascariensis,R,Rallus,madagascariensis,1,Rouge (alu),M,Ad,S,S,S,H,E, As , O ,B, A ,EM,V,1,Analysé,Négatif,0
200,Ga.ma 078 ,C2,12/7/16,Andohaetrina,TF,Moramanga,Alaotra Mangoro,18°54.072',48°20.979',CHARADRIIFORME,CH,Au,Scolopacidae,Sc,Gallinago macrodactyla,G,Gallinago,macrodactyla,1,Rouge (alu),I,Ad,S,S,S,H,E, As , O ,B, G ,EM,V,1,Analysé,Négatif,0
203,Ro.be 081,C2,12/8/16,Saorana,TF,Moramanga,Alaotra Mangoro,18°50.520',48°23.282',CHARADRIIFORME,CH,Au,Rostratulidae,Au,Rostratula benghalensis,Au,Rostratula,benghalensis,1,gris (alu),M,J,S,S,S,H,E, As , O ,B, G ,C,PM,1,Analysé,Négatif,0
204,Ro.be 082,C2,12/8/16,Saorana,TF,Moramanga,Alaotra Mangoro,18°50.520',48°23.282',CHARADRIIFORME,CH,Au,Rostratulidae,Au,Rostratula benghalensis,Au,Rostratula,benghalensis,1,gris (alu),F,J,S,S,S,H,E, As , O ,B, G ,C,PM,1,Analysé,Négatif,0
205,Ro.be 083,C2,12/8/16,Saorana,TF,Moramanga,Alaotra Mangoro,18°50.520',48°23.282',CHARADRIIFORME,CH,Au,Rostratulidae,Au,Rostratula benghalensis,Au,Rostratula,benghalensis,1,gris (alu),M,Ad,S,S,S,H,E, As , O ,B, G ,C,PM,1,Analysé,Négatif,0
206,Ra.ma 084,C2,12/9/16,Morarano,TF,Moramanga,Alaotra Mangoro,18°50.381',48°22.592',GRUIFORME,G,Au,Rallidae,R,Rallus madagascariensis,R,Rallus,madagascariensis,1,violet (alu),M,J,S,S,S,H,E, As , O ,B, A ,EM,V,1,Analysé,Positif,1
207,Ra.ma 085,C2,12/9/16,Morarano,TF,Moramanga,Alaotra Mangoro,18°50.423',48°22.553',GRUIFORME,G,Au,Rallidae,R,Rallus madagascariensis,R,Rallus,madagascariensis,1,violet (alu),M,Ad,S,S,S,H,E, As , O ,B, A ,EM,V,1,Analysé,Négatif,0
208,Ra.ma 086,C2,12/9/16,Morarano,TF,Moramanga,Alaotra Mangoro,18°50.483',48°22.564',GRUIFORME,G,Au,Rallidae,R,Rallus madagascariensis,R,Rallus,madagascariensis,1,violet (alu),M,Ad,S,S,S,H,E, As , O ,B, A ,EM,V,1,Analysé,Négatif,0
209,Ra.ma 087,C2,12/9/16,Morarano,TF,Moramanga,Alaotra Mangoro,18°50.483',48°22.564',GRUIFORME,G,Au,Rallidae,R,Rallus madagascariensis,R,Rallus,madagascariensis,1,violet (alu),M,Ad,S,S,S,H,E, As , O ,B, A ,EM,V,1,Analysé,Positif,1
210,Ro.be 088,C2,12/9/16,Saorana,TF,Moramanga,Alaotra Mangoro,18°50.520',48°23.282',CHARADRIIFORME,CH,Au,Rostratulidae,Au,Rostratula benghalensis,Au,Rostratula,benghalensis,1,violet (alu),M,Ad,S,S,S,H,E, As , O ,B, G ,C,PM,1,Analysé,Négatif,0
211,Ra.ma 089,C2,12/11/16,Manarianaka,TF,Moramanga,Alaotra Mangoro,18°49.959',48°22.148',GRUIFORME,G,Au,Rallidae,R,Rallus madagascariensis,R,Rallus,madagascariensis,1,Rouge (alu),M,Ad,S,S,S,H,E, As , O ,B, A ,EM,V,1,Analysé,Positif,1
212,Ra.ma 090 ,C2,12/11/16,Manarianaka,TF,Moramanga,Alaotra Mangoro,18°49.977',48°22.091',GRUIFORME,G,Au,Rallidae,R,Rallus madagascariensis,R,Rallus,madagascariensis,1,Rouge (alu),F,Ad,S,S,S,H,E, As , O ,B, A ,EM,V,1,Analysé,Négatif,0
213,Di.fo 091,C2,12/12/16,Bekalalao,TF,Moramanga,Alaotra Mangoro,18°50.441',48°23.130',PASSERIFORME,P,P,Dicruridae,Au,Dicrurus forficatus,Au,Dicrurus,forficatus,1,Rouge (alu),I,Ad,S,S,S, F ,A, H , N ,M, G ,ER,PM,1,Analysé,Positif,1
214,Va.cu 092,C2,12/12/16,Bekalalao,TF,Moramanga,Alaotra Mangoro,18°50.441',48°23.130',PASSERIFORME,P,P,Vangidae,Au,Vanga curvirostris,Au,Vanga,curvirostris,1,Rouge (alu),I,Ad,S,S,S, F , M , H , O ,M, A ,EM,PM,1,Analysé,Négatif,0
215,Co.al 093,C2,12/12/16,Bekalalao,TF,Moramanga,Alaotra Mangoro,18°50.441',48°23.130',PASSERIFORME,P,P,Turdidae ,T,Copsychus albospecularis,Au,Copsychus,albospecularis,1,Rouge (alu),M,Ad,S,S,S, O , A , H , O ,M, A ,EM,PM,1,Analysé,Négatif,0
216,Ra.ma 094,C2,12/12/16,Maromahatsinjo,TF,Moramanga,Alaotra Mangoro,18°50.729',48°23.167',GRUIFORME,G,Au,Rallidae,R,Rallus madagascariensis,R,Rallus,madagascariensis,1,Rouge (alu),M,Ad,S,S,S,H,E, As , O ,B, A ,EM,V,1,Analysé,Négatif,0
217,Bu.ib 95,C2,12/20/16,Malakialina,TSR,Tanà centre,Analamanga,18°51.891',48°31.169',CICONIIFORME,C,C,Ardeidae,Ar,Bubulcus ibis,B,Bubulcus,ibis,1,vert ,I,J,S,ML,M, O , M , H , O ,M, G ,C,PM,1,Analysé,Négatif,0
218,Bu.ib 96,C2,12/20/16,Malakialina,TSR,Tanà centre,Analamanga,18°51.891',48°31.169',CICONIIFORME,C,C,Ardeidae,Ar,Bubulcus ibis,B,Bubulcus,ibis,1,vert ,I,J,S,ML,M, O , M , H , O ,M, G ,C,PM,1,Analysé,Négatif,0
219,Bu.ib 97,C2,12/20/16,Malakialina,TSR,Tanà centre,Analamanga,18°51.891',48°31.169',CICONIIFORME,C,C,Ardeidae,Ar,Bubulcus ibis,B,Bubulcus,ibis,1,vert ,I,J,S,ML,M, O , M , H , O ,M, G ,C,PM,1,Analysé,Négatif,0
220,Ar.ra 98,C2,12/20/16,Malakialina,TSR,Tanà centre,Analamanga,18°51.891',48°31.169',CICONIIFORME,C,C,Ardeidae,Ar,Ardeola ralloides,Ar,Ardeola,ralloides,1,vert,I,J,S,ML,M,H,E, H , O ,B, G ,C,PM,1,Analysé,Négatif,0
221,Ar.ra 99,C2,12/20/16,Malakialina,TSR,Tanà centre,Analamanga,18°51.891',48°31.169',CICONIIFORME,C,C,Ardeidae,Ar,Ardeola ralloides,Ar,Ardeola,ralloides,1,vert,I,J,S,ML,M,H,E, H , O ,B, G ,C,PM,1,Analysé,Négatif,0
222,Ai.di 100,C2,12/20/16,Malakialina,TSR,Tanà centre,Analamanga,18°51.891',48°31.169',CICONIIFORME,C,C,Ardeidae,Ar,Egretta dimorpha,ED,Egretta,dimorpha,1,vert,I,J,S,ML,M,H,E, H , O ,B, G ,A,PM,1,Analysé,Négatif,0
223,Ar.ra 101,C2,12/20/16,Ïlot,TSR,Tanà centre,Analamanga,18°52.077',48°31.073',CICONIIFORME,C,C,Ardeidae,Ar,Ardeola ralloides,Ar,Ardeola,ralloides,1,vert,I,J,S,ML,M,H,E, H , O ,B, G ,C,PM,1,Analysé,Négatif,0
224,Ar.ra 102,C2,12/20/16,Ïlot,TSR,Tanà centre,Analamanga,18°52.077',48°31.073',CICONIIFORME,C,C,Ardeidae,Ar,Ardeola ralloides,Ar,Ardeola,ralloides,1,vert,I,J,S,ML,M,H,E, H , O ,B, G ,C,PM,1,Analysé,Négatif,0
225,Ar.ra 103,C2,12/20/16,Ïlot,TSR,Tanà centre,Analamanga,18°52.077',48°31.073',CICONIIFORME,C,C,Ardeidae,Ar,Ardeola ralloides,Ar,Ardeola,ralloides,1,vert,I,Ad,S,ML,M,H,E, H , O ,B, G ,C,PM,1,Analysé,Négatif,0
226,Ar.ra 104,C2,12/20/16,Ïlot,TSR,Tanà centre,Analamanga,18°52.077',48°31.073',CICONIIFORME,C,C,Ardeidae,Ar,Ardeola ralloides,Ar,Ardeola,ralloides,1,vert,I,Ad,S,ML,M,H,E, H , O ,B, G ,C,PM,1,Analysé,Négatif,0
227,Ar.id 105,C2,12/20/16,Ïlot,TSR,Tanà centre,Analamanga,18°52.077',48°31.073',CICONIIFORME,C,C,Ardeidae,Ar,Ardeola idae,Au,Ardeola,idae,1,vert,I,Ad,M,MR,M,H,E, H , O ,B, G ,A,EN,1,Analysé,Positif,1
228,Ar.ra 106,C2,12/20/16,Ïlot,TSR,Tanà centre,Analamanga,18°52.077',48°31.073',CICONIIFORME,C,C,Ardeidae,Ar,Ardeola ralloides,Ar,Ardeola,ralloides,1,vert,I,Ad,S,ML,M,H,E, H , O ,B, G ,C,PM,1,Analysé,Négatif,0
229,Ar.ra 107,C2,12/20/16,Ïlot,TSR,Tanà centre,Analamanga,18°52.077',48°31.073',CICONIIFORME,C,C,Ardeidae,Ar,Ardeola ralloides,Ar,Ardeola,ralloides,1,Bleu,I,Ad,S,ML,M,H,E, H , O ,B, G ,C,PM,1,Analysé,Négatif,0
230,Ar.ra 108,C2,12/20/16,Ïlot,TSR,Tanà centre,Analamanga,18°52.077',48°31.073',CICONIIFORME,C,C,Ardeidae,Ar,Ardeola ralloides,Ar,Ardeola,ralloides,1,Bleu,I,Ad,S,ML,M,H,E, H , O ,B, G ,C,PM,1,Analysé,Négatif,0
231,Ar.ra 109,C2,12/20/16,Ïlot,TSR,Tanà centre,Analamanga,18°52.077',48°31.073',CICONIIFORME,C,C,Ardeidae,Ar,Ardeola ralloides,Ar,Ardeola,ralloides,1,Bleu,I,Ad,S,ML,M,H,E, H , O ,B, G ,C,PM,1,Analysé,Négatif,0
232,Ar.ra 110,C2,12/20/16,Ïlot,TSR,Tanà centre,Analamanga,18°52.077',48°31.073',CICONIIFORME,C,C,Ardeidae,Ar,Ardeola ralloides,Ar,Ardeola,ralloides,1,Bleu,I,Ad,S,ML,M,H,E, H , O ,B, G ,C,PM,1,Analysé,Négatif,0
233,Ar.ra 111,C2,12/20/16,Ïlot,TSR,Tanà centre,Analamanga,18°52.077',48°31.073',CICONIIFORME,C,C,Ardeidae,Ar,Ardeola ralloides,Ar,Ardeola,ralloides,1,Bleu,I,Ad,S,ML,M,H,E, H , O ,B, G ,C,PM,1,Analysé,Négatif,0
234,Ar.ra 112,C2,12/20/16,Ïlot,TSR,Tanà centre,Analamanga,18°52.077',48°31.073',CICONIIFORME,C,C,Ardeidae,Ar,Ardeola ralloides,Ar,Ardeola,ralloides,1,Bleu,I,Ad,S,ML,M,H,E, H , O ,B, G ,C,PM,1,Analysé,Négatif,0
235,Bu.ib 113,C2,12/20/16,Ïlot,TSR,Tanà centre,Analamanga,18°52.077',48°31.073',CICONIIFORME,C,C,Ardeidae,Ar,Bubulcus ibis,B,Bubulcus,ibis,1,Bleu,I,Ad,S,ML,M, O , M , H , O ,M, G ,C,PM,1,Analysé,Négatif,0
236,Bu.ib 114,C2,12/20/16,Ïlot,TSR,Tanà centre,Analamanga,18°52.077',48°31.073',CICONIIFORME,C,C,Ardeidae,Ar,Bubulcus ibis,B,Bubulcus,ibis,1,Bleu,I,Ad,S,ML,M, O , M , H , O ,M, G ,C,PM,1,Analysé,Négatif,0
237,Bu.ib 115,C2,12/20/16,Ïlot,TSR,Tanà centre,Analamanga,18°52.077',48°31.073',CICONIIFORME,C,C,Ardeidae,Ar,Bubulcus ibis,B,Bubulcus,ibis,1,Bleu,I,Ad,S,ML,M, O , M , H , O ,M, G ,C,PM,1,Analysé,Négatif,0
238,Bu.ib 116,C2,12/20/16,Ïlot,TSR,Tanà centre,Analamanga,18°52.077',48°31.073',CICONIIFORME,C,C,Ardeidae,Ar,Bubulcus ibis,B,Bubulcus,ibis,1,Bleu,I,Ad,S,ML,M, O , M , H , O ,M, G ,C,PM,1,Analysé,Négatif,0
239,Ar.ra 117,C2,12/20/16,Ïlot,TSR,Tanà centre,Analamanga,18°52.077',48°31.073',CICONIIFORME,C,C,Ardeidae,Ar,Ardeola ralloides,Ar,Ardeola,ralloides,1,Bleu,I,Ad,S,ML,M,H,E, H , O ,B, G ,C,PM,1,Analysé,Négatif,0
240,Ar.id 118,C2,12/20/16,Ïlot,TSR,Tanà centre,Analamanga,18°52.077',48°31.073',CICONIIFORME,C,C,Ardeidae,Ar,Ardeola idae,Au,Ardeola,idae,1,Bleu,I,Ad,S,S,S,H,E, H , O ,B, G ,A,EN,1,Analysé,Négatif,0
241,Ar.ra 119,C2,12/20/16,Ïlot,TSR,Tanà centre,Analamanga,18°52.077',48°31.073',CICONIIFORME,C,C,Ardeidae,Ar,Ardeola ralloides,Ar,Ardeola,ralloides,1,Bleu,I,Ad,S,ML,M,H,E, H , O ,B, G ,C,PM,1,Analysé,Négatif,0
242,Ar.ra 120,C2,12/20/16,Ïlot,TSR,Tanà centre,Analamanga,18°52.077',48°31.073',CICONIIFORME,C,C,Ardeidae,Ar,Ardeola ralloides,Ar,Ardeola,ralloides,1,Bleu,I,Ad,S,ML,M,H,E, H , O ,B, G ,C,PM,1,Analysé,Négatif,0
243,Bu.ib 121,C2,12/20/16,Ïlot,TSR,Tanà centre,Analamanga,18°52.077',48°31.073',CICONIIFORME,C,C,Ardeidae,Ar,Bubulcus ibis,B,Bubulcus,ibis,1,Bleu,I,Ad,S,ML,M, O , M , H , O ,M, G ,C,PM,1,Analysé,Négatif,0
244,Ar.ra 122,C2,12/20/16,Ïlot,TSR,Tanà centre,Analamanga,18°52.077',48°31.073',CICONIIFORME,C,C,Ardeidae,Ar,Ardeola ralloides,Ar,Ardeola,ralloides,1,Bleu,I,Ad,S,ML,M,H,E, H , O ,B, G ,C,PM,1,Analysé,Négatif,0
245,Ar.ra 123,C2,12/20/16,Ïlot,TSR,Tanà centre,Analamanga,18°52.077',48°31.073',CICONIIFORME,C,C,Ardeidae,Ar,Ardeola ralloides,Ar,Ardeola,ralloides,1,Bleu,I,Ad,S,ML,M,H,E, H , O ,B, G ,C,PM,1,Analysé,Négatif,0
246,Bu.ib 124,C2,12/20/16,Ïlot,TSR,Tanà centre,Analamanga,18°52.077',48°31.073',CICONIIFORME,C,C,Ardeidae,Ar,Bubulcus ibis,B,Bubulcus,ibis,1,Bleu,I,J,S,ML,M, O , M , H , O ,M, G ,C,PM,1,Analysé,Négatif,0
247,Bu.ib 125,C2,12/20/16,Ïlot,TSR,Tanà centre,Analamanga,18°52.077',48°31.073',CICONIIFORME,C,C,Ardeidae,Ar,Bubulcus ibis,B,Bubulcus,ibis,1,Bleu,I,J,S,ML,M, O , M , H , O ,M, G ,C,PM,1,Analysé,Négatif,0
248,Bu.ib 126,C2,12/21/16,Malakialina,TSR,Tanà centre,Analamanga,18°51.891',48°31.169',CICONIIFORME,C,C,Ardeidae,Ar,Bubulcus ibis,B,Bubulcus,ibis,1,Jaune,I,J,S,ML,M, O , M , H , O ,M, G ,C,PM,1,Analysé,Négatif,0
249,Bu.ib 127,C2,12/21/16,Malakialina,TSR,Tanà centre,Analamanga,18°51.891',48°31.169',CICONIIFORME,C,C,Ardeidae,Ar,Bubulcus ibis,B,Bubulcus,ibis,1,Jaune,I,J,S,ML,M, O , M , H , O ,M, G ,C,PM,1,Analysé,Négatif,0
250,Bu.ib 128,C2,12/21/16,Malakialina,TSR,Tanà centre,Analamanga,18°51.891',48°31.169',CICONIIFORME,C,C,Ardeidae,Ar,Bubulcus ibis,B,Bubulcus,ibis,1,Jaune,I,J,S,ML,M, O , M , H , O ,M, G ,C,PM,1,Analysé,Négatif,0
251,Bu.ib 129,C2,12/21/16,Malakialina,TSR,Tanà centre,Analamanga,18°51.891',48°31.169',CICONIIFORME,C,C,Ardeidae,Ar,Bubulcus ibis,B,Bubulcus,ibis,1,Jaune,I,J,S,ML,M, O , M , H , O ,M, G ,C,PM,1,Analysé,Négatif,0
252,Bu.ib 130,C2,12/21/16,Malakialina,TSR,Tanà centre,Analamanga,18°51.891',48°31.169',CICONIIFORME,C,C,Ardeidae,Ar,Bubulcus ibis,B,Bubulcus,ibis,1,Jaune,I,J,S,ML,M, O , M , H , O ,M, G ,C,PM,1,Analysé,Négatif,0
253,Ar.ra 131,C2,12/21/16,Ïlot,TSR,Tanà centre,Analamanga,18°52.077',48°31.073',CICONIIFORME,C,C,Ardeidae,Ar,Ardeola ralloides,Ar,Ardeola,ralloides,1,Jaune,I,Ad,S,ML,M,H,E, H , O ,B, G ,C,PM,1,Analysé,Négatif,0
254,Ar.ra 132,C2,12/21/16,Ïlot,TSR,Tanà centre,Analamanga,18°52.077',48°31.073',CICONIIFORME,C,C,Ardeidae,Ar,Ardeola ralloides,Ar,Ardeola,ralloides,1,Jaune,I,Ad,S,ML,M,H,E, H , O ,B, G ,C,PM,1,Analysé,Négatif,0
255,Ar.ra 133,C2,12/21/16,Ïlot,TSR,Tanà centre,Analamanga,18°52.077',48°31.073',CICONIIFORME,C,C,Ardeidae,Ar,Ardeola ralloides,Ar,Ardeola,ralloides,1,Jaune,I,Ad,S,ML,M,H,E, H , O ,B, G ,C,PM,1,Analysé,Négatif,0
256,Ar.ra 134,C2,12/21/16,Ïlot,TSR,Tanà centre,Analamanga,18°52.077',48°31.073',CICONIIFORME,C,C,Ardeidae,Ar,Ardeola ralloides,Ar,Ardeola,ralloides,1,Jaune,I,Ad,S,ML,M,H,E, H , O ,B, G ,C,PM,1,Analysé,Négatif,0
257,Ar.ra 135,C2,12/21/16,Ïlot,TSR,Tanà centre,Analamanga,18°52.077',48°31.073',CICONIIFORME,C,C,Ardeidae,Ar,Ardeola ralloides,Ar,Ardeola,ralloides,1,Jaune,I,Ad,S,ML,M,H,E, H , O ,B, G ,C,PM,1,Analysé,Négatif,0
258,Ar.ra 136,C2,12/21/16,Ïlot,TSR,Tanà centre,Analamanga,18°52.077',48°31.073',CICONIIFORME,C,C,Ardeidae,Ar,Ardeola ralloides,Ar,Ardeola,ralloides,1,Jaune,I,Ad,S,ML,M,H,E, H , O ,B, G ,C,PM,1,Analysé,Négatif,0
259,Ar.ra 137,C2,12/21/16,Ïlot,TSR,Tanà centre,Analamanga,18°52.077',48°31.073',CICONIIFORME,C,C,Ardeidae,Ar,Ardeola ralloides,Ar,Ardeola,ralloides,1,Jaune,I,Ad,S,ML,M,H,E, H , O ,B, G ,C,PM,1,Analysé,Négatif,0
260,Ar.ra 138,C2,12/21/16,Ïlot,TSR,Tanà centre,Analamanga,18°52.077',48°31.073',CICONIIFORME,C,C,Ardeidae,Ar,Ardeola ralloides,Ar,Ardeola,ralloides,1,Jaune,I,Ad,S,ML,M,H,E, H , O ,B, G ,C,PM,1,Analysé,Négatif,0
261,Ar.ra 139,C2,12/21/16,Ïlot,TSR,Tanà centre,Analamanga,18°52.077',48°31.073',CICONIIFORME,C,C,Ardeidae,Ar,Ardeola ralloides,Ar,Ardeola,ralloides,1,Jaune,I,Ad,S,ML,M,H,E, H , O ,B, G ,C,PM,1,Analysé,Négatif,0
262,Ar.ra 140,C2,12/21/16,Ïlot,TSR,Tanà centre,Analamanga,18°52.077',48°31.073',CICONIIFORME,C,C,Ardeidae,Ar,Ardeola ralloides,Ar,Ardeola,ralloides,1,Jaune,I,Ad,S,ML,M,H,E, H , O ,B, G ,C,PM,1,Analysé,Négatif,0
263,Ar.ra 141,C2,12/21/16,Ïlot,TSR,Tanà centre,Analamanga,18°52.077',48°31.073',CICONIIFORME,C,C,Ardeidae,Ar,Ardeola ralloides,Ar,Ardeola,ralloides,1,Jaune,I,Ad,S,ML,M,H,E, H , O ,B, G ,C,PM,1,Analysé,Négatif,0
264,Ar.ra 142,C2,12/21/16,Ïlot,TSR,Tanà centre,Analamanga,18°52.077',48°31.073',CICONIIFORME,C,C,Ardeidae,Ar,Ardeola ralloides,Ar,Ardeola,ralloides,1,Jaune,I,Ad,S,ML,M,H,E, H , O ,B, G ,C,PM,1,Analysé,Négatif,0
265,Ar.ra 143,C2,12/21/16,Ïlot,TSR,Tanà centre,Analamanga,18°52.077',48°31.073',CICONIIFORME,C,C,Ardeidae,Ar,Ardeola ralloides,Ar,Ardeola,ralloides,1,Jaune,I,Ad,S,ML,M,H,E, H , O ,B, G ,C,PM,1,Analysé,Négatif,0
266,Ar.ra 144,C2,12/21/16,Ïlot,TSR,Tanà centre,Analamanga,18°52.077',48°31.073',CICONIIFORME,C,C,Ardeidae,Ar,Ardeola ralloides,Ar,Ardeola,ralloides,1,Jaune,I,Ad,S,ML,M,H,E, H , O ,B, G ,C,PM,1,Analysé,Négatif,0
267,Ar.ra 145,C2,12/21/16,Ïlot,TSR,Tanà centre,Analamanga,18°52.077',48°31.073',CICONIIFORME,C,C,Ardeidae,Ar,Ardeola ralloides,Ar,Ardeola,ralloides,1,Jaune,I,Ad,S,ML,M,H,E, H , O ,B, G ,C,PM,1,Analysé,Négatif,0
268,Eg.al 146,C2,12/21/16,Ïlot,TSR,Tanà centre,Analamanga,18°52.077',48°31.073',CICONIIFORME,C,C,Ardeidae,Ar,Egretta alba,Eal,Egretta,alba,1,Blanc,I,J,S,ML,M,H,E, H , O ,B, G ,C,PM,1,Analysé,Négatif,0
269,Bu.ib 147,C2,12/21/16,Malakialina,TSR,Tanà centre,Analamanga,18°51.891',48°31.169',CICONIIFORME,C,C,Ardeidae,Ar,Bubulcus ibis,B,Bubulcus,ibis,1,Blanc,I,J,S,ML,M, O , M , H , O ,M, G ,C,PM,1,Analysé,Négatif,0
270,Bu.ib 148,C2,12/21/16,Malakialina,TSR,Tanà centre,Analamanga,18°51.891',48°31.169',CICONIIFORME,C,C,Ardeidae,Ar,Bubulcus ibis,B,Bubulcus,ibis,1,Blanc,I,J,S,ML,M, O , M , H , O ,M, G ,C,PM,1,Analysé,Négatif,0
271,Bu.ib 149,C2,12/21/16,Malakialina,TSR,Tanà centre,Analamanga,18°51.891',48°31.169',CICONIIFORME,C,C,Ardeidae,Ar,Bubulcus ibis,B,Bubulcus,ibis,1,Blanc,I,J,S,ML,M, O , M , H , O ,M, G ,C,PM,1,Analysé,Négatif,0
272,Bu.ib 150,C2,12/21/16,Malakialina,TSR,Tanà centre,Analamanga,18°51.891',48°31.169',CICONIIFORME,C,C,Ardeidae,Ar,Bubulcus ibis,B,Bubulcus,ibis,1,Blanc,I,J,S,ML,M, O , M , H , O ,M, G ,C,PM,1,Analysé,Négatif,0
273,Bu.ib 151,C2,12/21/16,Malakialina,TSR,Tanà centre,Analamanga,18°51.891',48°31.169',CICONIIFORME,C,C,Ardeidae,Ar,Bubulcus ibis,B,Bubulcus,ibis,1,Blanc,I,J,S,ML,M, O , M , H , O ,M, G ,C,PM,1,Analysé,Négatif,0
274,Bu.ib 152,C2,12/21/16,Malakialina,TSR,Tanà centre,Analamanga,18°51.891',48°31.169',CICONIIFORME,C,C,Ardeidae,Ar,Bubulcus ibis,B,Bubulcus,ibis,1,Blanc,I,J,S,ML,M, O , M , H , O ,M, G ,C,PM,1,Analysé,Négatif,0
275,Bu.ib 153,C2,12/21/16,Malakialina,TSR,Tanà centre,Analamanga,18°51.891',48°31.169',CICONIIFORME,C,C,Ardeidae,Ar,Bubulcus ibis,B,Bubulcus,ibis,1,Blanc,I,J,S,ML,M, O , M , H , O ,M, G ,C,PM,1,Analysé,Négatif,0
276,Bu.ib 154,C2,12/21/16,Malakialina,TSR,Tanà centre,Analamanga,18°51.891',48°31.169',CICONIIFORME,C,C,Ardeidae,Ar,Bubulcus ibis,B,Bubulcus,ibis,1,Blanc,I,J,S,ML,M, O , M , H , O ,M, G ,C,PM,1,Analysé,Négatif,0
277,Bu.ib 155,C2,12/21/16,Malakialina,TSR,Tanà centre,Analamanga,18°51.891',48°31.169',CICONIIFORME,C,C,Ardeidae,Ar,Bubulcus ibis,B,Bubulcus,ibis,1,Blanc,I,J,S,ML,M, O , M , H , O ,M, G ,C,PM,1,Analysé,Négatif,0
278,Bu.ib 156,C2,12/21/16,Malakialina,TSR,Tanà centre,Analamanga,18°51.891',48°31.169',CICONIIFORME,C,C,Ardeidae,Ar,Bubulcus ibis,B,Bubulcus,ibis,1,Blanc,I,J,S,ML,M, O , M , H , O ,M, G ,C,PM,1,Analysé,Négatif,0
279,Ar.id 157,C2,12/22/16,Ïlot,TSR,Tanà centre,Analamanga,18°52.067',48°31.049',CICONIIFORME,C,C,Ardeidae,Ar,Ardeola idae,Au,Ardeola,Idae,1,Blanc,I,J,S,S,S,H,E, H , O ,B, G ,A,EN,1,Analysé,Négatif,0
280,Ar.ra 158,C2,12/22/16,Ïlot,TSR,Tanà centre,Analamanga,18°52.067',48°31.049',CICONIIFORME,C,C,Ardeidae,Ar,Ardeola ralloides,Ar,Ardeola,ralloides,1,Blanc,I,Ad,S,ML,M,H,E, H , O ,B, G ,C,PM,1,Analysé,Négatif,0
281,Ar.ra 159,C2,12/22/16,Ïlot,TSR,Tanà centre,Analamanga,18°52.067',48°31.049',CICONIIFORME,C,C,Ardeidae,Ar,Ardeola ralloides,Ar,Ardeola,ralloides,1,Blanc,I,Ad,S,ML,M,H,E, H , O ,B, G ,C,PM,1,Analysé,Négatif,0
282,Ar.ra 160,C2,12/22/16,Ïlot,TSR,Tanà centre,Analamanga,18°52.067',48°31.049',CICONIIFORME,C,C,Ardeidae,Ar,Ardeola ralloides,Ar,Ardeola,ralloides,1,Blanc,I,Ad,S,ML,M,H,E, H , O ,B, G ,C,PM,1,Analysé,Négatif,0
283,Eg.di 161,C2,12/22/16,Ïlot,TSR,Tanà centre,Analamanga,18°52.067',48°31.049',CICONIIFORME,C,C,Ardeidae,Ar,Egretta dimorpha,ED,Egretta,dimorpha,1,Blanc,I,Ad,S,ML,M,H,E, H , O ,B, G ,A,PM,1,Analysé,Négatif,0
284,Ar.ra 162,C2,12/22/16,Ïlot,TSR,Tanà centre,Analamanga,18°52.067',48°31.049',CICONIIFORME,C,C,Ardeidae,Ar,Ardeola ralloides,Ar,Ardeola,ralloides,1,Blanc,I,Ad,S,ML,M,H,E, H , O ,B, G ,C,PM,1,Analysé,Négatif,0
285,Ar.ra 163,C2,12/22/16,Ïlot,TSR,Tanà centre,Analamanga,18°52.067',48°31.049',CICONIIFORME,C,C,Ardeidae,Ar,Ardeola ralloides,Ar,Ardeola,ralloides,1,Blanc,I,Ad,S,ML,M,H,E, H , O ,B, G ,C,PM,1,Analysé,Négatif,0
286,Ar.ra 164,C2,12/22/16,Ïlot,TSR,Tanà centre,Analamanga,18°52.067',48°31.049',CICONIIFORME,C,C,Ardeidae,Ar,Ardeola ralloides,Ar,Ardeola,ralloides,1,Blanc,I,Ad,S,ML,M,H,E, H , O ,B, G ,C,PM,1,Analysé,Négatif,0
287,Ar.ra 165,C2,12/22/16,Ïlot,TSR,Tanà centre,Analamanga,18°52.067',48°31.049',CICONIIFORME,C,C,Ardeidae,Ar,Ardeola ralloides,Ar,Ardeola,ralloides,1,Blanc,I,Ad,S,ML,M,H,E, H , O ,B, G ,C,PM,1,Analysé,Négatif,0
288,Ar.id 166,C2,12/22/16,Ïlot,TSR,Tanà centre,Analamanga,18°52.067',48°31.049',CICONIIFORME,C,C,Ardeidae,Ar,Ardeola idae,Au,Ardeola,idae,1,Grenat,I,J,M,MR,M,H,E, H , O ,B, G ,A,EN,1,Analysé,Négatif,0
289,Ar.id 167,C2,12/22/16,Ïlot,TSR,Tanà centre,Analamanga,18°52.067',48°31.049',CICONIIFORME,C,C,Ardeidae,Ar,Ardeola idae,Au,Ardeola,idae,1,Grenat,I,J,M,MR,M,H,E, H , O ,B, G ,A,EN,1,Analysé,Négatif,0
290,Ar.ra 168,C2,12/22/16,Ïlot,TSR,Tanà centre,Analamanga,18°52.067',48°31.049',CICONIIFORME,C,C,Ardeidae,Ar,Ardeola ralloides,Ar,Ardeola,ralloides,1,Grenat,I,Ad,S,ML,M,H,E, H , O ,B, G ,C,PM,1,Analysé,Négatif,0
291,Ar.ra 169,C2,12/22/16,Ïlot,TSR,Tanà centre,Analamanga,18°52.067',48°31.049',CICONIIFORME,C,C,Ardeidae,Ar,Ardeola ralloides,Ar,Ardeola,ralloides,1,Grenat,I,Ad,S,ML,M,H,E, H , O ,B, G ,C,PM,1,Analysé,Négatif,0
292,Ar.ra 170,C2,12/22/16,Ïlot,TSR,Tanà centre,Analamanga,18°52.067',48°31.049',CICONIIFORME,C,C,Ardeidae,Ar,Ardeola ralloides,Ar,Ardeola,ralloides,1,Grenat,I,Ad,S,ML,M,H,E, H , O ,B, G ,C,PM,1,Analysé,Négatif,0
293,Ar.id 171,C2,12/22/16,Ïlot,TSR,Tanà centre,Analamanga,18°52.067',48°31.049',CICONIIFORME,C,C,Ardeidae,Ar,Ardeola ralloides,Ar,Ardeola,ralloides,1,Grenat,I,Ad,S,ML,M,H,E, H , O ,B, G ,C,PM,1,Analysé,Négatif,0
294,Ar.ra 172,C2,12/22/16,Ïlot,TSR,Tanà centre,Analamanga,18°52.067',48°31.049',CICONIIFORME,C,C,Ardeidae,Ar,Ardeola ralloides,Ar,Ardeola,ralloides,1,Grenat,I,Ad,S,ML,M,H,E, H , O ,B, G ,C,PM,1,Analysé,Négatif,0
295,Ar.ra 173,C2,12/22/16,Ïlot,TSR,Tanà centre,Analamanga,18°52.067',48°31.049',CICONIIFORME,C,C,Ardeidae,Ar,Ardeola ralloides,Ar,Ardeola,ralloides,1,Grenat,I,Ad,S,ML,M,H,E, H , O ,B, G ,C,PM,1,Analysé,Négatif,0
296,Ar.ra 174,C2,12/22/16,Ïlot,TSR,Tanà centre,Analamanga,18°52.067',48°31.049',CICONIIFORME,C,C,Ardeidae,Ar,Ardeola ralloides,Ar,Ardeola,ralloides,1,Grenat,I,Ad,S,ML,M,H,E, H , O ,B, G ,C,PM,1,Analysé,Négatif,0
297,Ar.ra 175,C2,12/22/16,Ïlot,TSR,Tanà centre,Analamanga,18°52.067',48°31.049',CICONIIFORME,C,C,Ardeidae,Ar,Ardeola ralloides,Ar,Ardeola,ralloides,1,Grenat,I,Ad,S,ML,M,H,E, H , O ,B, G ,C,PM,1,Analysé,Négatif,0
298,Ar.ra 176,C2,12/22/16,Ïlot,TSR,Tanà centre,Analamanga,18°52.067',48°31.049',CICONIIFORME,C,C,Ardeidae,Ar,Ardeola ralloides,Ar,Ardeola,ralloides,1,Grenat,I,Ad,S,ML,M,H,E, H , O ,B, G ,C,PM,1,Analysé,Négatif,0
299,Eg.al 177,C2,12/22/16,Malakialina,TSR,Tanà centre,Analamanga,18°51.891',48°31.169',CICONIIFORME,C,C,Ardeidae,Ar,Egretta alba,Eal,Egretta,alba,1,Grenat,I,Ad,S,ML,M,H,E, H , O ,B, G ,C,PM,1,Analysé,Négatif,0
300,Bu.ib 178,C2,12/22/16,Malakialina,TSR,Tanà centre,Analamanga,18°51.891',48°31.169',CICONIIFORME,C,C,Ardeidae,Ar,Bubulcus ibis,B,Bubulcus,ibis,1,Grenat,I,Ad,S,ML,M, O , M , H , O ,M, G ,C,PM,1,Analysé,Négatif,0
301,Eg.al 179,C2,12/23/16,Lac héronnière,TSB,Tanà centre,Analamanga,18°55.868',48°31.593',CICONIIFORME,C,C,Ardeidae,Ar,Egretta alba,Eal,Egretta,alba,1,Grenat,I,J,S,ML,M,H,E, H , O ,B, G ,C,PM,1,Analysé,Négatif,0
302,Eg.al 180,C2,12/23/16,Lac héronnière,TSB,Tanà centre,Analamanga,18°55.868',48°31.593',CICONIIFORME,C,C,Ardeidae,Ar,Egretta alba,Eal,Egretta,alba,1,Grenat,I,J,S,ML,M,H,E, H , O ,B, G ,C,PM,1,Analysé,Négatif,0
303,Eg.di 181,C2,12/23/16,Lac héronnière,TSB,Tanà centre,Analamanga,18°55.868',48°31.593',CICONIIFORME,C,C,Ardeidae,Ar,Egretta dimorpha,ED,Egretta,dimorpha,1,Grenat,I,J,S,ML,M,H,E, H , O ,B, G ,A,PM,1,Analysé,Négatif,0
304,Ar.ra 182,C2,12/23/16,Lac héronnière,TSB,Tanà centre,Analamanga,18°55.868',48°31.593',CICONIIFORME,C,C,Ardeidae,Ar,Ardeola ralloides,Ar,Ardeola,ralloides,1,Grenat,I,J,S,ML,M,H,E, H , O ,B, G ,C,PM,1,Analysé,Négatif,0
305,Eg.di 183,C2,12/23/16,Lac héronnière,TSB,Tanà centre,Analamanga,18°55.868',48°31.593',CICONIIFORME,C,C,Ardeidae,Ar,Egretta dimorpha,ED,Egretta,dimorpha,1,Grenat,I,J,S,ML,M,H,E, H , O ,B, G ,A,PM,1,Analysé,Positif,1
306,Ar.ra 184,C2,12/23/16,Lac héronnière,TSB,Tanà centre,Analamanga,18°55.868',48°31.593',CICONIIFORME,C,C,Ardeidae,Ar,Ardeola ralloides,Ar,Ardeola,ralloides,1,Grenat,I,J,S,ML,M,H,E, H , O ,B, G ,C,PM,1,Analysé,Négatif,0
307,Eg.al 185,C2,12/23/16,Lac héronnière,TSB,Tanà centre,Analamanga,18°55.868',48°31.593',CICONIIFORME,C,C,Ardeidae,Ar,Egretta alba,Eal,Egretta,alba,1,Grenat,I,J,S,ML,M,H,E, H , O ,B, G ,C,PM,1,Analysé,Négatif,0
308,Ar.ra 186,C2,12/23/16,Lac héronnière,TSB,Tanà centre,Analamanga,18°55.868',48°31.593',CICONIIFORME,C,C,Ardeidae,Ar,Ardeola ralloides,Ar,Ardeola,ralloides,1,Grenat,I,J,S,ML,M,H,E, H , O ,B, G ,C,PM,1,Analysé,Négatif,0
309,Ar.ra 187,C2,12/23/16,Lac héronnière,TSB,Tanà centre,Analamanga,18°55.868',48°31.593',CICONIIFORME,C,C,Ardeidae,Ar,Ardeola ralloides,Ar,Ardeola,ralloides,1,Grenat,I,J,S,ML,M,H,E, H , O ,B, G ,C,PM,1,Analysé,Négatif,0
310,Eg.al 188,C2,12/23/16,Lac héronnière,TSB,Tanà centre,Analamanga,18°55.868',48°31.593',CICONIIFORME,C,C,Ardeidae,Ar,Egretta alba,Eal,Egretta,alba,1,Grenat,I,J,S,ML,M,H,E, H , O ,B, G ,C,PM,1,Analysé,Négatif,0
311,Eg.di 189,C2,12/23/16,Lac héronnière,TSB,Tanà centre,Analamanga,18°55.868',48°31.593',CICONIIFORME,C,C,Ardeidae,Ar,Egretta dimorpha,ED,Egretta,dimorpha,1,Grenat,I,J,S,ML,M,H,E, H , O ,B, G ,A,PM,1,Analysé,Négatif,0
312,Eg.di 190,C2,12/23/16,Lac héronnière,TSB,Tanà centre,Analamanga,18°55.868',48°31.593',CICONIIFORME,C,C,Ardeidae,Ar,Egretta dimorpha,ED,Egretta,dimorpha,1,Grenat,I,J,S,ML,M,H,E, H , O ,B, G ,A,PM,1,Analysé,Négatif,0
313,Eg.di 191,C2,12/23/16,Lac héronnière,TSB,Tanà centre,Analamanga,18°55.868',48°31.593',CICONIIFORME,C,C,Ardeidae,Ar,Egretta dimorpha,ED,Egretta,dimorpha,1,Grenat,I,J,S,ML,M,H,E, H , O ,B, G ,A,PM,1,Analysé,Positif,1
314,Ac.tr 192,C2,12/23/16,Lac héronnCère,TSB,Tanà centre,Analamanga,18°55.868',48°31.593',PASSERIFORME,P,P,SturnCdae, St ,AcrCdotheres trCstCs,Ac,AcrCdotheres,trCstCs,1,Grenat,I,J,S,ML,M, O , A , H , O ,E, G ,C,PM,1,Analysé,NégatCf,0
315,Eg.al 193,C2,12/23/16,Lac héronnière,TSB,Tanà centre,Analamanga,18°55.868',48°31.593',CICONIIFORME,C,C,Ardeidae,Ar,Egretta alba,Eal,Egretta,alba,1,Grenat,I,J,S,ML,M,H,E, H , O ,B, G ,C,PM,1,Analysé,Négatif,0
316,Eg.al 194,C2,12/23/16,Lac héronnière,TSB,Tanà centre,Analamanga,18°55.868',48°31.593',CICONIIFORME,C,C,Ardeidae,Ar,Egretta alba,Eal,Egretta,alba,1,Grenat,I,J,S,ML,M,H,E, H , O ,B, G ,C,PM,1,Analysé,Négatif,0
317,Eg.al 195,C2,12/23/16,Lac héronnière,TSB,Tanà centre,Analamanga,18°55.868',48°31.593',CICONIIFORME,C,C,Ardeidae,Ar,Egretta alba,Eal,Egretta,alba,1,Grenat,I,J,S,ML,M,H,E, H , O ,B, G ,C,PM,1,Analysé,Négatif,0
318,Eg.al 196,C2,12/23/16,Lac héronnière,TSB,Tanà centre,Analamanga,18°55.868',48°31.593',CICONIIFORME,C,C,Ardeidae,Ar,Egretta alba,Eal,Egretta,alba,1,Grenat,I,J,S,ML,M,H,E, H , O ,B, G ,C,PM,1,Analysé,Négatif,0
319,Bu.ib 197,C2,12/23/16,Lac héronnière,TSB,Tanà centre,Analamanga,18°55.868',48°31.593',CICONIIFORME,C,C,Ardeidae,Ar,Bubulcus ibis,B,Bubulcus,ibis,1,Grenat,I,J,S,ML,M, O , M , H , O ,M, G ,C,PM,1,Analysé,Négatif,0
320,Eg.al 198,C2,1/6/17,Eucalyptus hotel,APF ,Itasy,Itasy,19°01.236',46°43.847',CICONIIFORME,C,C,Ardeidae,Ar,Egretta alba,Eal,Egretta,alba,1,violet ,I,Ad,S,ML,M,H,E, H , O ,B, G ,C,PM,1,Analysé,Négatif,0
321,Fo.ma 199 ,C2,1/7/17,Eucalyptus hotel,APF ,Itasy,Itasy,19°01.166',46°43.883',PASSERIFORME,P,P,Ploceidae, Pl ,Foudia madagascariensis,F,Foudia,madagascariensis,1,SB,M,Ad,S,S,S, O , M , H , O ,E, G ,EM,PM,1,Analysé,Négatif,0
322,Fo.ma 200,C2,1/7/17,Eucalyptus hotel,APF ,Itasy,Itasy,19°01.166',46°43.883',PASSERIFORME,P,P,Ploceidae, Pl ,Foudia madagascariensis,F,Foudia,madagascariensis,1,SB,M,Ad,S,S,S, O , M , H , O ,E, G ,EM,PM,1,Analysé,Négatif,0
323,Fo.ma 201,C2,1/7/17,Eucalyptus hotel,APF ,Itasy,Itasy,19°01.166',46°43.883',PASSERIFORME,P,P,Ploceidae, Pl ,Foudia madagascariensis,F,Foudia,madagascariensis,1,SB,M,Ad,S,S,S, O , M , H , O ,E, G ,EM,PM,1,Analysé,Négatif,0
324,Mo.fl 202,C2,1/7/17,Eucalyptus hotel,APF ,Itasy,Itasy,19°01.166',46°43.883',PASSERIFORME,P,P,Motacillidae,Au,Motacilla flaviventris,Au,Motacilla,flaviventris,1,SB,I,Ad,S,ML,M, O , M , H , O ,M, A ,EM,PM,1,Analysé,Négatif,0
325,Fo.ma 203,C2,1/7/17,Eucalyptus hotel,APF ,Itasy,Itasy,19°01.166',46°43.883',PASSERIFORME,P,P,Ploceidae, Pl ,Foudia madagascariensis,F,Foudia,madagascariensis,1,SB,F,Ad,S,S,S, O , M , H , O ,E, G ,EM,PM,1,Analysé,Négatif,0
326,Fo.ma 204,C2,1/7/17,Eucalyptus hotel,APF ,Itasy,Itasy,19°01.166',46°43.883',PASSERIFORME,P,P,Ploceidae, Pl ,Foudia madagascariensis,F,Foudia,madagascariensis,1,SB,F,Ad,S,S,S, O , M , H , O ,E, G ,EM,PM,1,Analysé,Négatif,0
327,Fo.ma 205,C2,1/7/17,Eucalyptus hotel,APF ,Itasy,Itasy,19°01.166',46°43.883',PASSERIFORME,P,P,Ploceidae, Pl ,Foudia madagascariensis,F,Foudia,madagascariensis,1,SB,F,Ad,S,S,S, O , M , H , O ,E, G ,EM,PM,1,Analysé,Négatif,0
328,Fo.ma 206,C2,1/7/17,Eucalyptus hotel,APF ,Itasy,Itasy,19°01.166',46°43.883',PASSERIFORME,P,P,Ploceidae, Pl ,Foudia madagascariensis,F,Foudia,madagascariensis,1,SB,F,Ad,S,S,S, O , M , H , O ,E, G ,EM,PM,1,Analysé,Négatif,0
329,Fo.ma 207,C2,1/7/17,Eucalyptus hotel,APF ,Itasy,Itasy,19°01.166',46°43.883',PASSERIFORME,P,P,Ploceidae, Pl ,Foudia madagascariensis,F,Foudia,madagascariensis,1,SB,F,Ad,S,S,S, O , M , H , O ,E, G ,EM,PM,1,Analysé,Négatif,0
330,Fo.ma 208,C2,1/7/17,Eucalyptus hotel,APF ,Itasy,Itasy,19°01.166',46°43.883',PASSERIFORME,P,P,Ploceidae, Pl ,Foudia madagascariensis,F,Foudia,madagascariensis,1,SB,F,Ad,S,S,S, O , M , H , O ,E, G ,EM,PM,1,Analysé,Négatif,0
331,Fo.ma 209,C2,1/7/17,Eucalyptus hotel,APF ,Itasy,Itasy,19°01.166',46°43.883',PASSERIFORME,P,P,Ploceidae, Pl ,Foudia madagascariensis,F,Foudia,madagascariensis,1,SB,F,Ad,S,S,S, O , M , H , O ,E, G ,EM,PM,1,Analysé,Négatif,0
332,Fo.ma 210,C2,1/7/17,Eucalyptus hotel,APF ,Itasy,Itasy,19°01.166',46°43.883',PASSERIFORME,P,P,Ploceidae, Pl ,Foudia madagascariensis,F,Foudia,madagascariensis,1,SB,F,Ad,S,S,S, O , M , H , O ,E, G ,EM,PM,1,Analysé,Négatif,0
333,Fo.ma 211,C2,1/7/17,Eucalyptus hotel,APF ,Itasy,Itasy,19°01.166',46°43.883',PASSERIFORME,P,P,Ploceidae, Pl ,Foudia madagascariensis,F,Foudia,madagascariensis,1,SB,F,Ad,S,S,S, O , M , H , O ,E, G ,EM,PM,1,Analysé,Négatif,0
334,Fo.ma 212,C2,1/7/17,Eucalyptus hotel,APF ,Itasy,Itasy,19°01.166',46°43.883',PASSERIFORME,P,P,Ploceidae, Pl ,Foudia madagascariensis,F,Foudia,madagascariensis,1,SB,F,Ad,S,S,S, O , M , H , O ,E, G ,EM,PM,1,Analysé,Négatif,0
335,Fo.ma 213,C2,1/7/17,Eucalyptus hotel,APF ,Itasy,Itasy,19°01.166',46°43.883',PASSERIFORME,P,P,Ploceidae, Pl ,Foudia madagascariensis,F,Foudia,madagascariensis,1,SB,F,Ad,S,S,S, O , M , H , O ,E, G ,EM,PM,1,Analysé,Négatif,0
336,Fo.ma 214,C2,1/7/17,Eucalyptus hotel,APF ,Itasy,Itasy,19°01.166',46°43.883',PASSERIFORME,P,P,Ploceidae, Pl ,Foudia madagascariensis,F,Foudia,madagascariensis,1,SB,F,Ad,S,S,S, O , M , H , O ,E, G ,EM,PM,1,Analysé,Négatif,0
337,Fo.ma 215,C2,1/7/17,Eucalyptus hotel,APF ,Itasy,Itasy,19°01.166',46°43.883',PASSERIFORME,P,P,Ploceidae, Pl ,Foudia madagascariensis,F,Foudia,madagascariensis,1,SB,F,Ad,S,S,S, O , M , H , O ,E, G ,EM,PM,1,Analysé,Négatif,0
338,Fo.ma 216,C2,1/7/17,Eucalyptus hotel,APF ,Itasy,Itasy,19°01.166',46°43.883',PASSERIFORME,P,P,Ploceidae, Pl ,Foudia madagascariensis,F,Foudia,madagascariensis,1,SB,F,Ad,S,S,S, O , M , H , O ,E, G ,EM,PM,1,Analysé,Négatif,0
339,Fo.ma 217,C2,1/7/17,Eucalyptus hotel,APF ,Itasy,Itasy,19°01.166',46°43.883',PASSERIFORME,P,P,Ploceidae, Pl ,Foudia madagascariensis,F,Foudia,madagascariensis,1,SB,F,Ad,S,S,S, O , M , H , O ,E, G ,EM,PM,1,Analysé,Négatif,0
340,Fo.ma 218,C2,1/7/17,Eucalyptus hotel,APF ,Itasy,Itasy,19°01.166',46°43.883',PASSERIFORME,P,P,Ploceidae, Pl ,Foudia madagascariensis,F,Foudia,madagascariensis,1,SB,F,Ad,S,S,S, O , M , H , O ,E, G ,EM,PM,1,Analysé,Négatif,0
341,Fo.ma 219,C2,1/7/17,Eucalyptus hotel,APF ,Itasy,Itasy,19°01.166',46°43.883',PASSERIFORME,P,P,Ploceidae, Pl ,Foudia madagascariensis,F,Foudia,madagascariensis,1,SB,F,Ad,S,S,S, O , M , H , O ,E, G ,EM,PM,1,Analysé,Négatif,0
342,Ac.tr 220,C2,1/7/17,Eucalyptus hotel,APF ,Itasy,Itasy,19°01.166',46°43.883',PASSERIFORME,P,P,SturnCdae, St ,AcrCdotheres trCstCs,Ac,AcrCdotheres,trCstCs,1,SB,F,Ad,S,ML,M, O , A , H , O ,E, G ,C,PM,1,Analysé,PosCtCf,1
343,Fo.ma 221,C2,1/7/17,Eucalyptus hotel,APF ,Itasy,Itasy,19°01.166',46°43.883',PASSERIFORME,P,P,Ploceidae, Pl ,Foudia madagascariensis,F,Foudia,madagascariensis,1,SB,F,Ad,S,S,S, O , M , H , O ,E, G ,EM,PM,1,Analysé,Positif,1
344,Fo.ma 222,C2,1/7/17,Eucalyptus hotel,APF ,Itasy,Itasy,19°01.166',46°43.883',PASSERIFORME,P,P,Ploceidae, Pl ,Foudia madagascariensis,F,Foudia,madagascariensis,1,SB,F,Ad,S,S,S, O , M , H , O ,E, G ,EM,PM,1,Analysé,Négatif,0
345,Cu.ro 223,C2,1/8/17,Eucalyptus hotel,APF ,Itasy,Itasy,19°01.110',46°43.859',CUCULIFORME,A,Au,Cuculidae,Au,Cuculus rochii,Au,Cuculus,rochii,1,violet ,I,Ad,M,MR,M, F , A , As , O ,B, A ,EM,PM,1,Analysé,Négatif,0
346,Cu.ro 224,C2,1/8/17,Eucalyptus hotel,APF ,Itasy,Itasy,19°01.110',46°43.859',CUCULIFORME,A,Au,Cuculidae,Au,Cuculus rochii,Au,Cuculus,rochii,1,violet ,I,Ad,M,MR,M, F , A , As , O ,B, A ,EM,PM,1,Analysé,Négatif,0
347,Ac.tr 225,C2,1/8/17,Eucalyptus hotel,APF ,Itasy,Itasy,19°01.268',49°43.853',PASSERIFORME,P,P,SturnCdae, St ,AcrCdotheres trCstCs,Ac,AcrCdotheres,trCstCs,1,vColet ,I,Ad,S,ML,M, O , A , H , O ,E, G ,C,PM,1,Analysé,NégatCf,0
348,Ac.tr 226,C2,1/8/17,Eucalyptus hotel,APF ,Itasy,Itasy,19°01.268',49°43.853',PASSERIFORME,P,P,SturnCdae, St ,AcrCdotheres trCstCs,Ac,AcrCdotheres,trCstCs,1,vColet ,I,Ad,S,ML,M, O , A , H , O ,E, G ,C,PM,1,Analysé,NégatCf,0
349,Ac.tr 227,C2,1/8/17,Eucalyptus hotel,APF ,Itasy,Itasy,19°01.268',49°43.853',PASSERIFORME,P,P,SturnCdae, St ,AcrCdotheres trCstCs,Ac,AcrCdotheres,trCstCs,1,vColet ,I,Ad,S,ML,M, O , A , H , O ,E, G ,C,PM,1,Analysé,NégatCf,0
350,Ac.tr 228,C2,1/8/17,Eucalyptus hotel,APF ,Itasy,Itasy,19°01.268',49°43.853',PASSERIFORME,P,P,SturnCdae, St ,AcrCdotheres trCstCs,Ac,AcrCdotheres,trCstCs,1,vColet ,I,Ad,S,ML,M, O , A , H , O ,E, G ,C,PM,1,Analysé,NégatCf,0
351,Ac.tr 229,C2,1/8/17,Eucalyptus hotel,APF ,Itasy,Itasy,19°01.268',49°43.853',PASSERIFORME,P,P,SturnCdae, St ,AcrCdotheres trCstCs,Ac,AcrCdotheres,trCstCs,1,vColet ,I,Ad,S,ML,M, O , A , H , O ,E, G ,C,PM,1,Analysé,PosCtCf,1
352,Ac.tr 230,C2,1/8/17,Eucalyptus hotel,APF ,Itasy,Itasy,19°01.268',49°43.853',PASSERIFORME,P,P,SturnCdae, St ,AcrCdotheres trCstCs,Ac,AcrCdotheres,trCstCs,1,vColet ,I,Ad,S,ML,M, O , A , H , O ,E, G ,C,PM,1,Analysé,PosCtCf,1
353,Ac.tr 231,C2,1/8/17,Eucalyptus hotel,APF ,Itasy,Itasy,19°01.268',49°43.853',PASSERIFORME,P,P,SturnCdae, St ,AcrCdotheres trCstCs,Ac,AcrCdotheres,trCstCs,1,vColet ,I,Ad,S,ML,M, O , A , H , O ,E, G ,C,PM,1,Analysé,NégatCf,0
354,Ac.tr 232,C2,1/8/17,Eucalyptus hotel,APF ,Itasy,Itasy,19°01.268',49°43.853',PASSERIFORME,P,P,SturnCdae, St ,AcrCdotheres trCstCs,Ac,AcrCdotheres,trCstCs,1,vColet ,I,Ad,S,ML,M, O , A , H , O ,E, G ,C,PM,1,Analysé,NégatCf,0
355,Ac.tr 233,C2,1/8/17,Eucalyptus hotel,APF ,Itasy,Itasy,19°01.268',49°43.853',PASSERIFORME,P,P,SturnCdae, St ,AcrCdotheres trCstCs,Ac,AcrCdotheres,trCstCs,1,vColet ,I,Ad,S,ML,M, O , A , H , O ,E, G ,C,PM,1,Analysé,NégatCf,0
356,Eg.al 234,C2,1/9/17,Eucalyptus hotel,APF ,Itasy,Itasy,19°01.261',49°43.870',CICONIIFORME,C,C,Ardeidae,Ar,Egretta alba,Eal,Egretta,alba,1,violet ,I,J,S,ML,M,H,E, H , O ,B, G ,C,PM,1,Analysé,Négatif,0
357,Ac.tr 235,C2,1/9/17,Eucalyptus hotel,APF ,Itasy,Itasy,19°01.261',49°43.870',PASSERIFORME,P,P,SturnCdae, St ,AcrCdotheres trCstCs,Ac,AcrCdotheres,trCstCs,1,VColet ,I,Ad,S,ML,M, O , A , H , O ,E, G ,C,PM,1,Analysé,NégatCf,0
358,Bu.ib 236,C2,1/9/17,Eucalyptus hotel,APF ,Itasy,Itasy,19°01.261',49°43.870',CICONIIFORME,C,C,Ardeidae,Ar,Bubulcus ibis,B,Bubulcus,ibis,1,Violet ,I,J,S,ML,M, O , M , H , O ,M, G ,C,PM,1,Analysé,Négatif,0
359,Bu.ib 237,C2,1/9/17,Eucalyptus hotel,APF ,Itasy,Itasy,19°01.261',49°43.870',CICONIIFORME,C,C,Ardeidae,Ar,Bubulcus ibis,B,Bubulcus,ibis,1,Violet ,I,J,S,ML,M, O , M , H , O ,M, G ,C,PM,1,Analysé,Négatif,0
360,Bu.ib 238,C2,1/9/17,Eucalyptus hotel,APF ,Itasy,Itasy,19°01.261',49°43.870',CICONIIFORME,C,C,Ardeidae,Ar,Bubulcus ibis,B,Bubulcus,ibis,1,Violet ,I,J,S,ML,M, O , M , H , O ,M, G ,C,PM,1,Analysé,Négatif,0
361,Bu.ib 239,C2,1/9/17,Eucalyptus hotel,APF ,Itasy,Itasy,19°01.261',49°43.870',CICONIIFORME,C,C,Ardeidae,Ar,Bubulcus ibis,B,Bubulcus,ibis,1,Violet ,I,J,S,ML,M, O , M , H , O ,M, G ,C,PM,1,Analysé,Négatif,0
362,Bu.ib 240,C2,1/9/17,Eucalyptus hotel,APF ,Itasy,Itasy,19°01.261',49°43.870',CICONIIFORME,C,C,Ardeidae,Ar,Bubulcus ibis,B,Bubulcus,ibis,1,Violet ,I,J,S,ML,M, O , M , H , O ,M, G ,C,PM,1,Analysé,Négatif,0
363,Bu.ib 241,C2,1/9/17,Eucalyptus hotel,APF ,Itasy,Itasy,19°01.261',49°43.870',CICONIIFORME,C,C,Ardeidae,Ar,Bubulcus ibis,B,Bubulcus,ibis,1,Violet ,I,J,S,ML,M, O , M , H , O ,M, G ,C,PM,1,Analysé,Négatif,0
364,Bu.ib 242,C2,1/9/17,Eucalyptus hotel,APF ,Itasy,Itasy,19°01.261',49°43.870',CICONIIFORME,C,C,Ardeidae,Ar,Bubulcus ibis,B,Bubulcus,ibis,1,Violet ,I,J,S,ML,M, O , M , H , O ,M, G ,C,PM,1,Analysé,Négatif,0
365,Bu.ib 243,C2,1/9/17,Eucalyptus hotel,APF ,Itasy,Itasy,19°01.261',49°43.870',CICONIIFORME,C,C,Ardeidae,Ar,Bubulcus ibis,B,Bubulcus,ibis,1,Violet ,I,J,S,ML,M, O , M , H , O ,M, G ,C,PM,1,Analysé,Négatif,0
366,Bu.ib 244,C2,1/9/17,Eucalyptus hotel,APF ,Itasy,Itasy,19°01.261',49°43.870',CICONIIFORME,C,C,Ardeidae,Ar,Bubulcus ibis,B,Bubulcus,ibis,1,Violet ,I,J,S,ML,M, O , M , H , O ,M, G ,C,PM,1,Analysé,Négatif,0
367,Bu.ib 245,C2,1/9/17,Eucalyptus hotel,APF ,Itasy,Itasy,19°01.261',49°43.870',CICONIIFORME,C,C,Ardeidae,Ar,Bubulcus ibis,B,Bubulcus,ibis,1,Violet ,I,J,S,ML,M, O , M , H , O ,M, G ,C,PM,1,Analysé,Négatif,0