Id;Site;Date;Sex;Weight;Rainfall;gmam;stes
bat_1;Site_1;41582;M;630;140mm;;9,97
bat_2;Site_1;41582;F;600;140mm;4,27;
bat_3;Site_1;41582;F;135;140mm;4,28;
bat_4;Site_1;41582;F;510;140mm;4,09;
bat_5;Site_1;41582;M;118;140mm;;9,85
bat_6;Site_1;41584;M;740;140mm;;10,17
bat_7;Site_1;41585;F;510;140mm;3,95;
bat_8;Site_1;41585;M;150;140mm;;10,1
bat_9;Site_1;41585;M;700;140mm;;9,87
bat_10;Site_1;41586;F;512;140mm;;3,71
bat_11;Site_1;41586;F;112;140mm;;4
bat_12;Site_1;41586;F;650;140mm;;3,9
bat_13;Site_1;41586;f;70;140mm;;3,89
bat_14;Site_2;41593;M;710;136mm;;10,05
bat_15;Site_2;41593;M;690;136mm;;10,02
bat_16;Site_2;41593;F;590;136mm;3,88;
bat_17;Site_2;41593;M;125;136mm;;9,95
bat_18;Site_2;41593;M;150;136mm;;9,64
bat_19;Site_2;41593;F;530;136mm;4,03;
bat_20;SITE_2;41593;M;130;136mm;;10,61
bat_21;Site_2;41594;F;640;136mm;4,26;
bat_22;Site_2;41594;F;590;136mm;4,18;
bat_23;Site_2;41594;M;145;136mm;;10,02
bat_23;Site_2;41594;F;520;136mm;3,97;
bat_25;Site_2;41594;M;150;136mm;;10
bat_26;Site_2;41596;f;650;136mm;4,1;
bat_27;Site_2;41596;F;165;136mm;4,14;
bat_28;Site_2;41596;M;130;136mm;;10,34
bat_29;Site_2;41596;F;550;136mm;3,94;
bat_30;Site_2;41596;F ;520;136mm;4,09;
bat_31;Site_2;41596;M;145;136mm;;9,75
bat_32;Site_2;41597;M;620;136mm;;10,23
bat_33;Site_3;41601;F;290;158mm;3,78;
bat_34;Site_3;41601;M;330;158mm;;10,33
bat_35;Site_3;41601;F;320;158mm;3,94;
bat_36;Site_3;41601;M;460;158mm;;10
bat_37;Site_3;41601;M;325;158mm;;10,01
bat_38;Site_3;41601;F;300;158mm;;4,09
bat_39;Site_3;41601;F;325;158mm;;4,15
bat_40;Site_3;41601;F;380;158mm;;4,17
bat_41;Site_3;41601;F;290;158mm;;3,72
bat_42;Site_3;41601;F;320;158mm;;4
bat_43;Site_3;41601;F;280;158mm;;3,76
bat_44;Site_3;41601;F;55;158mm;;4,08
bat_45;Site_3;41601;M;60;158mm;;10,12
bat_46;Site_3;41602;F;550;158mm;3,77;
bat_47;Site_3;41602;F;75;158mm;4,07;
bat_48;Site_3;41602;F;325;158mm;4,19;
bat_49;Site_3;41602;M;90;158mm;;10,05
bat_50;Site_3;41602;F;300;158mm;4,01;
bat_51;Site_3;41602;F;101;158mm;4,39;
bat_52;Site_3;41602;F;70;158mm;4;
bat_53;Site_3;41602;F;300;158mm;4,35;
bat_54;Site_3;41602;M;120;158mm;;9,71
bat_55;Site_3;41602;F;310;158mm;4,13;
bat_56;Site_3;41602;;90;158mm;;
bat_57;Site_3;41602;F;350;158mm;3,92;
bat_58;Site_3;41602;M;120;158mm;;10,29
bat_59;Site_3;41602;F;330;158mm;3,74;
bat_60;Site_3;41602;F;80;158mm;3,89;
bat_61;Site_3;41602;F;320;158mm;4;
bat_62;Site_3;41602;M;100;158mm;;10,03
bat_63;Site_4;41604;M;350;147mm;;9,83
bat_64;Site_4;41604;F;330;147mm;4,13;
bat_65;Site_4;41604;M;360;147mm;;9,99
bat_66;Site_4;41604;F;300;147mm;4,17;
bat_67;Site_4;41604;F;350;147mm;4,09;
bat_68;Site_4;41604;F;310;147mm;4,18;
bat_69;Site_4;41604;M;360;147mm;;10,13
bat_70;Site_4;41604;F;260;147mm;4,14;
bat_71;Site_4;41604;F;310;147mm;4,02;
bat_72;Site_4;41604;M;390;147mm;;9,56
bat_73;Site_4;41604;F;300;147mm;4,06;
bat_74;Site_4;41604;M;260;147mm;;10,06
bat_75;Site_4;41604;M;300;147mm;;9,93
bat_76;Site_4;41604;F;310;147mm;3,87;
bat_77;Site_4;41604;M;320;147mm;;10,06
bat_78;Site_4;41604;M;280;147mm;;10,12
bat_79;Site_4;41604;F;300;147mm;3,82;
bat_80;Site_4;41604;M;300;147mm;;10,3
bat_81;Site_4;41604;F;330;147mm;4,09;
bat_82;Site_4;41604;F;300;147mm;4;
bat_83;Site_4;41604;F;50;147mm;4,15;
bat_84;Site_4;41604;F;310;147mm;4,1;
bat_85;Site_4;41604;M;110;147mm;;9,95
bat_86;Site_4;41604;F;280;147mm;3,93;
bat_87;Site_4;41604;F;70;147mm;3,73;
bat_88;Site_4;41604;F;310;147mm;4,28;
bat_89;Site_4;41604;M;90;147mm;;10,24
bat_90;Site_1;41689;M;310;297mm;;9,97
bat_91;Site_1;41690;F;380;297mm;3,81;
bat_92;Site_1;41692;M;420;297mm;;10,03
bat_93;Site_1;41703;M;550;255mm;;9,85
bat_94;Site_1;41703;M;700;255mm;;10,19
bat_95;Site_1;41703;M;720;255mm;;10,17
bat_96;Site_1;41704;M;780;255mm;;10,13
bat_97;Site_1;41704;M;820;255mm;;10,23
bat_98;Site_1;41704;M;540;255mm;;10,02
bat_99;Site_1;41704;F;600;255mm;4,04;
bat_100;Site_3;41717;M;330;308mm;;9,64
bat_101;Site_3;41717;F;390;308mm;3,98;
bat_102;Site_3;41717;F;310;308mm;3,95;
bat_103;Site_3;41717;M;350;308mm;;9,31
bat_104;Site_3;41717;M;360;308mm;;10,19
bat_105;Site_3;41717;F;320;308mm;4,07;
bat_106;Site_3;41717;F;360;308mm;4,31;
bat_107;Site_3;41718;F;300;308mm;4,06;
bat_108;Site_3;41718;M;360;308mm;;10,03
bat_109;Site_3;41718;F;320;308mm;3,69;
bat_110;Site_3;41718;F;290;308mm;4,1;
bat_111;Site_5;41833;M;315;2mm;;10,02
bat_112;Site_5;41833;M;270;2mm;;10,39
bat_113;Site_5;41833;M;290;2mm;;9,94
bat_114;Site_5;41833;F;590;2mm;3,78;
bat_115;Site_5;41833;M;590;2mm;;10,12
bat_116;Site_5;41833;M;400;2mm;;9,64
bat_117;Site_5;41833;F;530;2mm;3,66;
bat_118;Site_5;41833;F;660;2mm;3,94;
bat_119;Site_5;41833;F;510;2mm;4,22;
bat_120;Site_5;41833;M;470;2mm;;10,39
bat_121;Site_5;41833;M;580;2mm;;9,95
bat_122;Site_5;41834;F;555;2mm;4,08;
bat_123;Site_5;41834;F;220;2mm;4,14;
bat_124;Site_5;41834;M;230;2mm;;10,12
bat_125;Site_5;41834;F;210;2mm;3,96;
bat_126;Site_5;41834;M;240;2mm;;10,04
bat_127;Site_5;41834;M;220;2mm;;9,8
bat_128;Site_5;41834;F;240;2mm;3,87;
bat_129;Site_5;41834;F;240;2mm;3,98;
bat_130;Site_5;41834;M;230;2mm;;9,97
bat_131;Site_5;41834;F;290;2mm;3,8;
bat_132;Site_5;41836;M;590;2mm;;10,21
bat_133;Site_5;41838;M;310;2mm;;9,68
bat_134;Site_5;41838;M;270;2mm;;9,94
bat_135;Site_5;41838;M;650;2mm;;10,23
bat_136;Site_5;41838;F;600;2mm;4,16;
bat_137;Site_5;41838;F;600;2mm;4,19;
bat_138;Site_5;41838;M;450;2mm;;10,17
bat_139;Site_5;41838;F;610;2mm;3,79;
bat_140;Site_5;41838;F;520;2mm;4,12;
bat_141;Site_5;41839;F;540;2mm;4,38;
bat_142;Site_5;41839;F;560;2mm;3,82;
bat_143;Site_5;41839;F;410;2mm;3,93;
bat_144;Site_6;41852;F;303;16mm;3,99;
bat_145;Site_6;41852;M;270;16mm;;9,84
bat_146;Site_6;41852;M;250;16mm;;9,83
bat_147;Site_6;41852;M;320;16mm;;10,13
bat_148;Site_6;41852;M;335;16mm;;10,2
bat_149;Site_6;41852;M;305;16mm;;10,16
bat_150;Site_6;41852;M;350;16mm;;10,16
bat_151;Site_6;41852;M;360;16mm;;10,35
bat_152;Site_6;41852;M;340;16mm;;9,97
bat_153;Site_6;41852;M;340;16mm;;10
bat_154;Site_6;41852;F;325;16mm;4,15;
bat_155;Site_6;41852;M;300;16mm;;10,05
bat_156;Site_6;41852;M;300;16mm;;10,13
bat_157;Site_6;41852;M;275;16mm;;9,86
bat_158;Site_6;41853;M;350;16mm;;9,88
bat_159;Site_6;41853;M;300;16mm;;10,21
bat_160;Site_6;41853;M;270;16mm;;9,85
bat_161;Site_6;41853;M;350;16mm;;10,46
bat_162;Site_6;41853;M;330;16mm;;10,07
bat_163;Site_6;41852;M;70;16mm;;10,32
bat_164;Site_6;41852;F;40;16mm;4,03;
bat_165;Site_6;41852;F;35;16mm;3,84;
bat_166;Site_6;41852;M;40;16mm;;9,6
bat_167;Site_6;41852;M;40;16mm;;10,16
bat_168;Site_6;41852;M;35;16mm;;9,97
bat_169;Site_6;41852;F;30;16mm;3,78;
bat_170;Site_6;41852;F;30;16mm;3,77;
bat_171;Site_6;41852;F;40;16mm;4,07;
bat_172;Site_6;41852;M;35;16mm;;9,57
bat_173;Site_6;41852;M;40;16mm;;9,95
bat_174;Site_6;41852;M;45;16mm;;10,3
bat_175;Site_6;41852;M;35;16mm;;10,04
bat_176;Site_6;41852;F;35;16mm;4;
bat_177;Site_6;41852;F;30;16mm;4,03;
bat_178;Site_6;41852;F;30;16mm;4,35;
bat_179;Site_6;41853;F;60;16mm;3,69;
bat_180;Site_6;41853;F;60;16mm;4,25;
bat_181;Site_6;41853;M;70;16mm;;10,1
bat_182;Site_6;41853;F;50;16mm;3,83;
bat_183;Site_6;41853;F;45;16mm;3,97;
bat_184;Site_6;41853;F;45;16mm;4,11;
bat_185;Site_6;41853;F;40;16mm;3,95;
bat_186;Site_6;41853;F;50;16mm;3,91;
bat_187;Site_6;41853;F;40;16mm;3,95;
bat_188;Site_6;41853;F;40;16mm;4,07;
bat_189;Site_6;41853;M;55;16mm;;10,04
bat_190;Site_6;41853;F;40;16mm;3,88;
bat_191;Site_6;41853;M;65;16mm;;9,94
bat_192;Site_6;41853;M;46;16mm;;10,03
bat_193;Site_6;41854;F;340;16mm;4,2;
bat_194;Site_6;41854;M;310;16mm;;10,22
bat_195;Site_6;41854;M;350;16mm;;10,18
bat_196;Site_6;41854;M;305;16mm;;9,88
bat_197;Site_6;41854;M;315;16mm;;9,83
bat_198;Site_6;41854;M;315;16mm;;9,45
bat_199;Site_6;41854;F;340;16mm;3,75;
bat_200;Site_6;41854;M;280;16mm;;10,16
bat_201;Site_6;41854;M;275;16mm;;9,81
bat_202;Site_6;41854;M;320;16mm;;10,1
bat_203;Site_6;41854;M;;16mm;;9,91
bat_204;Site_6;41854;F;50;16mm;4,08;
bat_205;Site_6;41854;F;55;16mm;4,36;
bat_206;Site_6;41854;F;40;16mm;4,32;
bat_207;Site_1;41874;M;445;46mm;;10,12
bat_208;Site_1;41874;M;600;46mm;;9,79
bat_209;Site_1;41874;F;670;46mm;3,92;
bat_210;Site_1;41874;M;660;46mm;;10,05
bat_211;Site_1;41875;F;670;46mm;3,97;
bat_212;Site_1;41882;F;600;46mm;3,86;
bat_213;Site_1;41883;M;750;35mm;;9,89
bat_214;Site_1;41883;M;420;35mm;;10,04
bat_215;Site_1;41883;F;455;35mm;4,13;
bat_216;Site_2;41888;M;600;26mm;;10,32
bat_217;Site_2;41890;F;600;26mm;3,74;
bat_218;Site_2;41891;M;610;26mm;;9,97
bat_219;Site_2;41894;M;590;26mm;;9,94
bat_220;Site_7;41915;M;60,5;56mm;;10,14
bat_221;Site_7;41915;M;35;56mm;;9,76
bat_222;Site_7;41915;M;70;56mm;;10,2
bat_223;Site_7;41915;M;70;56mm;;10,06
bat_224;Site_7;41915;M;60;56mm;;10,14
bat_225;Site_7;41915;M;70;56mm;;9,94
bat_226;Site_7;41915;M;33;56mm;;10,11
bat_227;Site_7;41916;F;68;56mm;4,13;
bat_228;Site_7;41916;M;65;56mm;;10,23
bat_229;Site_7;41916;M;65;56mm;;10,06
bat_230;Site_7;41916;M;68;56mm;;9,91
bat_231;Site_7;41916;F;72;56mm;3,69;
bat_232;Site_7;41916;M;65;56mm;;9,85
bat_233;Site_7;41916;F;53;56mm;3,77;
bat_234;Site_7;41916;M;65;56mm;;10,15
bat_235;Site_7;41916;M;60;56mm;;10,51
bat_236;Site_7;41916;F;61;56mm;4,02;
bat_237;Site_7;41916;M;52;56mm;;10,29
bat_238;Site_7;41916;M;65;56mm;;10,12
bat_239;Site_7;41916;M;61;56mm;;10,23
bat_240;Site_7;41916;F;45;56mm;3,97;
bat_241;Site_7;41916;F;65;56mm;3,88;
bat_242;Site_7;41916;F;60;56mm;4,03;
bat_243;Site_7;41916;M;66;56mm;;9,74
bat_244;Site_7;41916;M;62;56mm;;9,77
bat_245;Site_7;41916;M;62;56mm;;10,13
bat_246;Site_7;41916;F;62;56mm;3,71;
bat_247;Site_7;41916;M;63;56mm;;10,07
bat_248;Site_7;41916;M;62;56mm;;10,23
bat_249;Site_7;41916;M;56;56mm;;9,58
bat_250;Site_3;41916;M;420;47mm;;10,21
bat_251;Site_4;41920;M;390;48mm;;9,93
bat_252;Site_4;41920;M;310;48mm;;10,29
bat_253;Site_4;41920;M;410;48mm;;9,75
bat_254;Site_4;41920;M;330;48mm;;10,13
bat_255;Site_4;41920;M;381;48mm;;10,09
bat_256;Site_4;41920;M;386;48mm;;10,14
bat_257;Site_4;41920;M;360;48mm;;9,88
bat_258;Site_4;41920;M;330;48mm;;9,66
bat_259;Site_4;41920;M;330;48mm;;9,45
bat_260;Site_4;41920;M;350;48mm;;9,94
bat_261;Site_4;41920;M;310;48mm;;9,78
bat_262;Site_4;41920;M;350;48mm;;9,68
bat_263;Site_4;41920;M;340;48mm;;10,18
bat_264;Site_4;41920;M;330;48mm;;10,39
bat_265;Site_4;41920;M;340;48mm;;10,22
bat_266;Site_4;41920;M;340;48mm;;9,98
bat_267;Site_4;41920;M;320;48mm;;10,09
bat_268;Site_4;41920;M;340;48mm;;10,1
bat_269;Site_4;41920;M;320;48mm;;9,98
bat_270;Site_4;41920;M;330;48mm;;9,63
bat_271;Site_4;41920;M;320;48mm;;9,79
bat_272;Site_4;41920;M;450;48mm;;9,84
bat_273;Site_4;41920;M;330;48mm;;10,14
bat_274;Site_4;41920;M;320;48mm;;10,2
bat_275;Site_4;41920;M;320;48mm;;9,95
bat_276;Site_4;41920;M;320;48mm;;10,27
bat_277;Site_4;41920;M;310;48mm;;10,22
bat_278;Site_4;41920;M;330;48mm;;9,87
bat_279;Site_4;41920;M;320;48mm;;10,15
bat_280;Site_4;41920;M;310;48mm;;9,9
bat_281;Site_4;41920;M;320;48mm;;9,89
bat_282;Site_4;41920;M;290;48mm;;9,99
bat_283;Site_4;41920;M;300;48mm;;10,09
bat_284;Site_4;41920;M;330;48mm;;9,91
bat_285;Site_4;41920;M;310;48mm;;10,35
bat_286;Site_4;41920;M;330;48mm;;9,72
bat_287;Site_4;41920;M;400;48mm;;10,25
bat_288;Site_4;41920;M;220;48mm;;10,11
bat_289;Site_6;41925;M;55;36mm;;9,75
bat_290;Site_6;41925;F;40;36mm;3,92;
bat_291;Site_6;41925;M;50;36mm;;10,13
bat_292;Site_6;41925;F;37;36mm;3,89;
bat_293;Site_6;41925;F;38;36mm;4,36;
bat_294;Site_6;41925;F;39;36mm;4,34;
bat_295;Site_6;41925;M;45;36mm;;10,14
bat_296;Site_6;41925;M;55;36mm;;9,8
bat_297;Site_6;41925;F;45;36mm;3,75;
bat_298;Site_6;41925;M;50;36mm;;9,88
bat_299;Site_6;41925;F;45;36mm;3,82;
bat_300;Site_6;41925;F;45;36mm;3,96;
bat_301;Site_6;41926;M;310;36mm;;10,12
bat_302;Site_6;41926;F;300;36mm;3,63;
bat_303;Site_6;41926;M;50;36mm;;10,2
bat_304;Site_6;41926;M;370;36mm;;9,62
bat_305;Site_6;41926;F;310;36mm;4,01;
bat_306;Site_6;41926;M;300;36mm;;9,89
bat_307;Site_6;41926;F;45;36mm;4,01;
bat_308;Site_6;41926;M;45;36mm;;9,59
bat_309;Site_6;41926;F;50;36mm;3,75;
bat_310;Site_6;41926;M;56;36mm;;9,62
bat_311;Site_6;41926;F;45;36mm;3,8;
bat_312;Site_6;41926;F;45;36mm;3,73;
bat_313;Site_6;41926;F;55;36mm;4,11;
bat_314;Site_6;41926;M;70;36mm;;9,83
bat_315;Site_6;41926;F;45;36mm;3,91;
bat_316;Site_6;41926;F;35;36mm;4,06;
bat_317;Site_6;41926;F;40;36mm;3,92;
bat_318;Site_6;41926;M;60;36mm;;9,9
bat_319;Site_6;41927;F;48;36mm;4,06;
bat_320;Site_6;41927;F;40;36mm;3,39;
bat_321;Site_6;41927;M;65;36mm;;10,05
bat_322;Site_6;41927;F;40;36mm;4;
bat_323;Site_6;41927;F;50;36mm;3,76;
bat_324;Site_6;41927;M;64;36mm;;9,89
bat_325;Site_6;41928;M;325;36mm;;10
bat_326;Site_6;41928;M;260;36mm;;10,1
bat_327;Site_6;41929;M;330;36mm;;9,54
bat_328;Site_6;41929;M;320;36mm;;10
bat_329;Site_6;41930;M;340;36mm;;9,88
bat_330;Site_6;41930;M;330;36mm;;9,99
bat_331;Site_8;41942;F;730;71mm;3,81;
bat_332;Site_8;41947;F;60;124mm;4,3;
bat_333;Site_8;41949;F;60;124mm;4,27;
bat_334;Site_8;41949;M;75;124mm;;9,9
bat_335;Site_8;41949;M;80;124mm;;10,13
bat_336;Site_8;41949;F;62;124mm;3,77;
bat_337;Site_8;41949;F;65;124mm;4;
bat_338;Site_8;41949;M;80;124mm;;10,1
bat_339;Site_8;41949;M;63;124mm;;10,11
bat_340;Site_8;41949;F;60;124mm;3,8;
bat_341;Site_8;41949;M;65;124mm;;9,8
bat_342;Site_8;41949;M;75;124mm;;9,76
bat_343;Site_8;41949;M;60;124mm;;10,18
bat_344;Site_8;41949;M;60;124mm;;10,1
bat_345;Site_8;41949;M;60;124mm;;9,98
bat_346;Site_8;41950;F;40;124mm;3,84;
bat_347;Site_8;41950;F;65;124mm;3,7;
bat_348;Site_8;41950;F;65;124mm;4,32;
bat_349;Site_8;41950;F;60;124mm;4,02;
bat_350;Site_8;41950;M;50;124mm;;9,81
bat_351;Site_8;41950;F;45;124mm;3,63;
bat_352;Site_8;41951;F;40;124mm;4,02;
bat_353;Site_8;41951;F;70;124mm;3,98;
bat_354;Site_8;41951;M;60;124mm;;9,88
bat_355;Site_8;41951;M;65;124mm;;9,88
bat_356;Site_8;41951;M;85;124mm;;9,84
bat_357;Site_8;41951;M;70;124mm;;9,89
bat_358;Site_8;41951;M;120;124mm;;9,93
bat_359;Site_8;41951;F;550;124mm;4,11;
bat_360;Site_8;41952;M;60;124mm;;10,11
bat_361;Site_8;41952;M;45;124mm;;9,9
bat_362;Site_8;41952;M;60;124mm;;10,16
bat_363;Site_8;41952;M;55;124mm;;10,02
bat_364;Site_8;41952;F;60;124mm;3,99;
bat_365;Site_8;41952;M;60;124mm;;9,99
bat_366;Site_1;41971;M;590;140mm;;10,06
bat_367;Site_1;41972;M;790;140mm;;9,77
bat_368;Site_1;41972;F;510;140mm;3,73;
bat_369;Site_1;41972;M;510;140mm;;9,66
bat_370;Site_1;41972;M;540;140mm;;9,93
bat_371;Site_1;41972;F;675;140mm;4,07;
bat_372;Site_1;41972;F;115;140mm;3,81;
bat_373;Site_1;41972;M;180;140mm;;10,3
bat_374;Site_1;41973;M;460;140mm;;10,02
bat_375;Site_1;41973;F;660;140mm;4,16;
bat_376;Site_1;41973;F;530;140mm;4,08;
bat_377;Site_1;41973;M;160;140mm;;10,19
bat_378;Site_1;41973;F;440;140mm;3,98;
bat_379;Site_1;41973;F;160;140mm;3,52;
bat_380;Site_1;41974;F;440;289mm;4,02;
bat_381;Site_1;41975;F;515;289mm;4,04;
bat_382;Site_1;41975;F;570;289mm;4,04;
bat_383;Site_1;41975;F;180;289mm;3,95;
bat_384;Site_1;41975;F;565;289mm;3,87;
bat_385;Site_1;41976;F;625;289mm;4,17;
bat_386;Site_1;41976;M;195;289mm;;10,19
bat_387;Site_2;41978;M;720;251mm;;10,38
bat_388;Site_2;41978;F;550;251mm;3,7;
bat_389;Site_2;41978;F;150;251mm;3,9;
bat_390;Site_2;41979;M;700;251mm;;10,05
bat_391;Site_2;41979;F;720;251mm;3,62;
bat_392;Site_2;41979;M;160;251mm;;9,84
bat_393;Site_2;41979;F;500;251mm;4,03;
bat_394;Site_2;41980;M;810;251mm;;10,03
bat_395;Site_2;41980;M;700;251mm;;9,8
bat_396;Site_2;41980;F;520;251mm;3,87;
bat_397;Site_2;41980;M;180;251mm;;9,76
bat_398;Site_2;41980;F;550;251mm;3,75;
bat_399;Site_2;41980;F;160;251mm;4,09;
bat_400;Site_2;41981;M;660;251mm;;10,01
bat_401;Site_2;41981;F;200;251mm;3,81;
bat_402;Site_2;41981;F;660;251mm;4,31;
bat_403;Site_2;41981;F;600;251mm;3,83;
bat_404;Site_2;41981;F;170;251mm;4,2;
bat_405;Site_2;41982;F;630;251mm;4,1;
bat_406;Site_2;41982;F;170;251mm;4,28;
bat_407;Site_2;41982;F;630;251mm;4,11;
bat_408;Site_2;41982;F;120;251mm;4,02;
bat_409;Site_2;41982;M;810;251mm;;9,62
bat_410;Site_2;41982;M;720;251mm;;10,26
bat_411;Site_7;41985;F;71;272mm;4,09;
bat_412;Site_7;41985;F;90;272mm;4,47;
bat_413;Site_7;41985;M;70;272mm;;10,4
bat_414;Site_7;41985;M;68;272mm;;10,04
bat_415;Site_7;41985;F;70;272mm;3,79;
bat_416;Site_7;41985;F;70;272mm;3,9;
bat_417;Site_7;41985;M;66;272mm;;9,69
bat_418;Site_7;41985;M;70;272mm;;9,88
bat_419;Site_7;41985;M;70;272mm;;10,23
bat_420;Site_7;41985;M;62;272mm;;9,73
bat_421;Site_7;41985;M;65;272mm;;10,31
bat_422;Site_7;41985;F;60;272mm;3,51;
bat_423;Site_7;41985;M;15;272mm;;9,99
bat_424;Site_7;41985;M;69;272mm;;10
bat_425;Site_7;41985;F;70;272mm;3,89;
bat_426;Site_7;41986;F;60;272mm;4,06;
bat_427;Site_7;41986;M;60;272mm;;9,65
bat_428;Site_7;41986;M;10;272mm;;10,42
bat_429;Site_7;41986;F;73;272mm;3,71;
bat_430;Site_7;41986;M;70;272mm;;10,09
bat_431;Site_7;41986;F;79;272mm;3,91;
bat_432;Site_7;41986;F;70;272mm;3,89;
bat_433;Site_7;41986;F;85;272mm;4,04;
bat_434;Site_7;41986;M;58;272mm;;10,1
bat_435;Site_7;41986;M;50;272mm;;9,97
bat_436;Site_7;41986;F;65;272mm;3,87;
bat_437;Site_7;41986;M;15;272mm;;10,01
bat_438;Site_7;41986;F;;272mm;3,86;
bat_439;Site_7;41986;M;65;272mm;;9,99
bat_440;Site_7;41986;M;60;272mm;;10,17
bat_441;Site_7;41986;M;75;272mm;;9,98
bat_442;Site_7;41986;M;70;272mm;;9,75
bat_443;Site_7;41986;F;60;272mm;4,04;
bat_444;Site_3;41987;F;140;326mm;4,32;
bat_445;Site_3;41987;F;300;326mm;3,67;
bat_446;Site_3;41987;F;315;326mm;4,44;
bat_447;Site_3;41987;F;120;326mm;3,96;
bat_448;Site_3;41987;F;125;326mm;4,22;
bat_449;Site_3;41987;F;305;326mm;3,88;
bat_450;Site_3;41987;M;135;326mm;;9,83
bat_451;Site_3;41987;F;425;326mm;3,96;
bat_452;Site_3;41987;M;135;326mm;;10,36
bat_453;Site_3;41987;F;340;326mm;3,92;
bat_454;Site_3;41987;M;320;326mm;;10,03
bat_455;Site_3;41987;M;360;326mm;;10,07
bat_456;Site_4;41990;F;300;258mm;3,88;
bat_457;Site_4;41990;M;290;258mm;;9,94
bat_458;Site_4;41990;M;330;258mm;;9,96
bat_459;Site_4;41990;M;320;258mm;;10
bat_460;Site_4;41990;M;320;258mm;;10,13
bat_461;Site_4;41990;M;300;258mm;;9,89
bat_462;Site_4;41990;M;270;258mm;;9,96
bat_463;Site_4;41990;M;300;258mm;;10,03
bat_464;Site_4;41990;M;360;258mm;;9,81
bat_465;Site_4;41990;M;280;258mm;;10,13
bat_466;Site_4;41990;M;330;258mm;;9,74
bat_467;Site_4;41990;M;270;258mm;;10,29
bat_468;Site_4;41990;F;300;258mm;3,72;
bat_469;Site_4;41990;M;280;258mm;;10,14
bat_470;Site_4;41990;M;350;258mm;;9,91
bat_471;Site_4;41990;F;;258mm;4,11;
bat_472;Site_4;41991;M;260;258mm;;10,09
bat_473;Site_4;41991;F;280;258mm;4;
bat_474;Site_4;41991;F;270;258mm;3,73;
bat_475;Site_4;41991;F;310;258mm;3,87;
bat_476;Site_4;41991;M;350;258mm;;10,2
bat_477;Site_4;41991;M;290;258mm;;9,82
bat_478;Site_4;41991;M;280;258mm;;10,35
bat_479;Site_4;41991;M;270;258mm;;10,22
bat_480;Site_4;41991;M;340;258mm;;10,42
bat_481;Site_4;41991;F;290;258mm;4,66;
bat_482;Site_4;41991;M;110;258mm;;10,43
bat_483;Site_4;41991;M;300;258mm;;10,11
bat_484;Site_4;41991;M;300;258mm;;9,91
bat_485;Site_4;41991;M;260;258mm;;10,05
bat_486;Site_4;41991;F;260;258mm;3,76;
bat_487;Site_4;41991;M;;258mm;;10,1
bat_488;Site_1;42072;M;740;255mm;;9,81
bat_489;Site_1;42074;M;680;255mm;;10,07
bat_490;Site_1;42074;M;780;255mm;;9,88
bat_491;Site_1;42074;M;750;255mm;;10,07
bat_492;Site_1;42074;M;730;255mm;;9,77
bat_493;Site_1;42076;M;400;255mm;;10,38
bat_494;Site_1;42077;F;620;255mm;3,89;
bat_495;Site_1;42077;M;750;255mm;;10,14
bat_496;Site_1;42077;M;760;255mm;;9,76
bat_497;Site_1;42077;F;370;255mm;4,27;
bat_498;Site_1;42078;M;700;255mm;;10
bat_499;Site_1;42079;F;490;255mm;3,76;
bat_500;Site_2;42081;M;360;264mm;;10,27
bat_501;Site_2;42081;M;785;264mm;;10,04
bat_502;Site_2;42081;F;500;264mm;3,93;
bat_503;Site_2;42082;M;700;264mm;;10,28
bat_504;Site_2;42083;F;630;264mm;3,87;
bat_505;Site_2;42083;M;780;264mm;;10,11
bat_506;Site_2;42083;M;750;264mm;;10,09
bat_507;Site_2;42083;M;660;264mm;;10,09
bat_508;Site_2;42083;M;410;264mm;;10,26
bat_509;Site_2;42084;M;750;264mm;;9,94
bat_510;Site_2;42084;M;285;264mm;;9,98
bat_511;Site_2;42084;M;360;264mm;;9,99
bat_512;Site_2;42085;M;710;264mm;;10,1
bat_513;Site_2;42085;M;770;264mm;;10,1
bat_514;Site_2;42085;M;660;264mm;;9,44
bat_515;Site_6;42092;F;62;286mm;3,97;
bat_516;Site_6;42092;F;43;286mm;4,27;
bat_517;Site_6;42092;F;50;286mm;3,82;
bat_518;Site_6;42092;F;37;286mm;3,87;
bat_519;Site_6;42092;F;42;286mm;3,78;
bat_520;Site_6;42092;F;47;286mm;3,97;
bat_521;Site_6;42092;F;46;286mm;3,89;
bat_522;Site_6;42092;F;37;286mm;3,9;
bat_523;Site_6;42092;F;32;286mm;4,09;
bat_524;Site_6;42093;M;340;286mm;;10
bat_525;Site_6;42093;M;280;286mm;;9,78
bat_526;Site_6;42093;M;295;286mm;;9,98
bat_527;Site_6;42093;M;350;286mm;;10,15
bat_528;Site_6;42094;M;270;286mm;;9,94
bat_529;Site_6;42093;F;47;286mm;3,96;
bat_530;Site_6;42093;F;36;286mm;4;
bat_531;Site_6;42093;F;37;286mm;4,18;
bat_532;Site_6;42093;M;60;286mm;;10,02
bat_533;Site_6;42093;F;55;286mm;3,94;
bat_534;Site_6;42093;F;32;286mm;4,24;
bat_535;Site_6;42093;F;46;286mm;4;
bat_536;Site_6;42093;F;50;286mm;4,28;
bat_537;Site_6;42093;F;35;286mm;3,95;
bat_538;Site_6;42093;F;37;286mm;3,94;
bat_539;Site_6;42093;F;47;286mm;3,89;
bat_540;Site_6;42094;F;41;286mm;3,81;
bat_541;Site_6;42094;F;47;286mm;3,99;
bat_542;Site_6;42094;F;38;286mm;4,36;
bat_543;Site_6;42094;F;41;286mm;3,74;
bat_544;Site_6;42094;F;40;286mm;4,17;
bat_545;Site_6;42094;F;36;286mm;3,58;
bat_546;Site_6;42094;F;39;286mm;3,78;
bat_547;Site_6;42094;F;40;286mm;4,47;
bat_548;Site_6;42094;F;48;286mm;4,39;
bat_549;Site_6;42094;F;48;286mm;4,14;
bat_550;Site_6;42096;M;220;109mm;;10,02
bat_551;Site_6;42096;M;270;109mm;;9,81
bat_552;Site_7;42119;F;55;121mm;4,27;
bat_553;Site_7;42119;M;67;121mm;;10,15
bat_554;Site_7;42119;M;70;121mm;;9,97
bat_555;Site_7;42119;M;70;121mm;;10,11
bat_556;Site_7;42119;F;50;121mm;4,11;
bat_557;Site_7;42119;F;64;121mm;4,34;
bat_558;Site_7;42119;M;65;121mm;;9,71
bat_559;Site_7;42119;M;76;121mm;;9,77
bat_560;Site_7;42119;F;61;121mm;3,91;
bat_561;Site_7;42119;M;60;121mm;;9,85
bat_562;Site_7;42119;F;66;121mm;3,9;
bat_563;Site_7;42119;M;70;121mm;;10,07
bat_564;Site_7;42119;F;24;121mm;4,36;
bat_565;Site_7;42119;F;60;121mm;4,22;
bat_566;Site_7;42119;M;74;121mm;;10,27
bat_567;Site_7;42119;M;73;121mm;;10,06
bat_568;Site_7;42120;F;55;121mm;3,97;
bat_569;Site_7;42120;M;68;121mm;;10,1
bat_570;Site_7;42120;F;65;121mm;3,64;
bat_571;Site_7;42120;F;52;121mm;4,05;
bat_572;Site_7;42120;M;75;121mm;;10,27
bat_573;Site_7;42120;F;60;121mm;4,41;
bat_574;Site_7;42120;M;40;121mm;;9,6
bat_575;Site_7;42120;M;60;121mm;;9,94
bat_576;Site_7;42120;M;70;121mm;;9,94
bat_577;Site_7;42120;F;45;121mm;4,16;
bat_578;Site_7;42120;F;55;121mm;3,95;
bat_579;Site_7;42120;F;58;121mm;3,81;
bat_580;Site_7;42120;F;60;121mm;4;
bat_581;Site_7;42120;F;62;121mm;3,99;
bat_582;Site_7;42120;M;35;121mm;;10,3
bat_583;Site_3;42121;F;370;96mm;3,98;
bat_584;Site_3;42121;F;350;96mm;4,24;
bat_585;Site_3;42121;F;390;96mm;3,82;
bat_586;Site_3;42121;F;340;96mm;3,99;
bat_587;Site_3;42121;F;350;96mm;3,97;
bat_588;Site_3;42121;F;340;96mm;4,14;
bat_589;Site_3;42121;F;320;96mm;4;
bat_590;Site_3;42121;F;330;96mm;3,95;
bat_591;Site_3;42121;F;325;96mm;3,91;
bat_592;Site_3;42121;M;360;96mm;;9,84
bat_593;Site_3;42121;F;360;96mm;3,84;
bat_594;Site_3;42121;F;330;96mm;3,93;
bat_595;Site_3;42121;F;380;96mm;4,17;
bat_596;Site_3;42121;F;350;96mm;4,03;
bat_597;Site_3;42121;F;270;96mm;4,3;
bat_598;Site_3;42121;F;360;96mm;4,39;
bat_599;Site_3;42121;F;300;96mm;3,97;
bat_600;Site_3;42121;F;300;96mm;3,76;
bat_601;Site_3;42121;M;330;96mm;;10,07
bat_602;Site_3;42121;F;330;96mm;4,19;
bat_603;Site_3;42121;F;325;96mm;4,02;
bat_604;Site_3;42121;F;350;96mm;3,66;
bat_605;Site_3;42121;F;380;96mm;3,87;
bat_606;Site_3;42121;M;350;96mm;;10,06
bat_607;Site_3;42121;F;280;96mm;4,2;
bat_608;Site_3;42121;F;370;96mm;4,17;
bat_609;Site_3;42121;F;360;96mm;4,1;
bat_610;Site_3;42121;F;270;96mm;4,22;
bat_611;Site_3;42121;F;300;96mm;3,91;
bat_612;Site_3;42121;F;310;96mm;4,02;
bat_613;Site_4;42122;M;300;55mm;;10,15
bat_614;Site_4;42122;F;360;55mm;3,81;
bat_615;Site_4;42122;F;340;55mm;3,9;
bat_616;Site_4;42122;F;360;55mm;4,18;
bat_617;Site_4;42122;F;320;55mm;4,08;
bat_618;Site_4;42122;F;300;55mm;3,85;
bat_619;Site_4;42122;F;300;55mm;3,93;
bat_620;Site_4;42122;F;320;55mm;3,92;
bat_621;Site_4;42122;F;300;55mm;4,18;
bat_622;Site_4;42122;F;280;55mm;4;
bat_623;Site_4;42122;F;310;55mm;3,85;
bat_624;Site_4;42122;M;270;55mm;;9,59
bat_625;Site_4;42122;F;250;55mm;4,3;
bat_626;Site_4;42122;F;350;55mm;3,69;
bat_627;Site_4;42122;F;310;55mm;4,02;
bat_628;Site_4;42122;F;300;55mm;3,94;
bat_629;Site_4;42122;F;320;55mm;3,94;
bat_630;Site_4;42122;M;240;55mm;;9,98
bat_631;Site_4;42122;F;280;55mm;4,29;
bat_632;Site_4;42122;F;280;55mm;3,92;
bat_633;Site_4;42122;F;300;55mm;3,58;
bat_634;Site_4;42122;F;270;55mm;4,17;
bat_635;Site_2;42134;M;810;36mm;;9,75
bat_636;Site_2;42135;M;910;36mm;;9,96
bat_637;Site_2;42135;M;860;36mm;;10,2
bat_638;Site_2;42136;M;650;36mm;;10,07
bat_639;Site_2;42136;M;660;36mm;;10,03
bat_640;Site_1;42139;F;400;47mm;4,22;
bat_641;Site_1;42140;M;450;47mm;;9,88
bat_642;Site_1;42141;M;510;47mm;;10,24
bat_643;Site_1;42141;M;520;47mm;;9,74
bat_644;Site_1;42142;F;440;47mm;3,8;
bat_645;Site_1;42143;M;455;47mm;;9,89
bat_646;Site_7;42176;M;87;100mm;;9,89
bat_647;Site_7;42176;M;45;100mm;;9,87
bat_648;Site_3;42177;F;300;38mm;3,91;
bat_649;Site_3;42177;F;340;38mm;3,8;
bat_650;Site_3;42177;F;310;38mm;3,8;
bat_651;Site_3;42177;F;330;38mm;3,74;
bat_652;Site_3;42177;M;290;38mm;;9,7
bat_653;Site_3;42177;F;330;38mm;4,16;
bat_654;Site_3;42177;F;350;38mm;4,51;
bat_655;Site_3;42177;F;330;38mm;4,09;
bat_656;Site_3;42177;F;300;38mm;3,9;
bat_657;Site_3;42177;M;320;38mm;;9,99
bat_658;Site_3;42178;F;330;38mm;3,45;
bat_659;Site_3;42178;M;400;38mm;;10,26
bat_660;Site_3;42178;F;360;38mm;4,35;
bat_661;Site_3;42178;F;350;38mm;3,63;
bat_662;Site_3;42178;F;340;38mm;3,96;
bat_663;Site_3;42178;F;310;38mm;4,29;
bat_664;Site_3;42178;F;360;38mm;3,7;
bat_665;Site_3;42178;F;340;38mm;3,88;
bat_666;Site_3;42178;M;360;38mm;;10,01
bat_667;Site_3;42178;F;320;38mm;4,47;
bat_668;Site_3;42178;F;360;38mm;4,27;
bat_669;Site_3;42178;F;360;38mm;4,21;
bat_670;Site_3;42178;F;310;38mm;4,2;
bat_671;Site_3;42178;F;360;38mm;3,71;
bat_672;Site_3;42178;F;310;38mm;4,17;
bat_673;Site_3;42178;F;300;38mm;3,98;
bat_674;Site_4;42179;F;380;27mm;4,05;
bat_675;Site_4;42179;M;340;27mm;;10,05
bat_676;Site_4;42179;M;360;27mm;;9,97
bat_677;Site_4;42179;M;360;27mm;;10
bat_678;Site_4;42179;M;360;27mm;;9,69
bat_679;Site_4;42179;M;350;27mm;;9,84
bat_680;Site_4;42179;M;310;27mm;;10,16
bat_681;Site_4;42179;M;380;27mm;;9,83
bat_682;Site_4;42179;M;330;27mm;;10,02
bat_683;Site_4;42179;M;340;27mm;;9,76
bat_684;Site_4;42179;M;350;27mm;;9,83
bat_685;Site_4;42179;M;380;27mm;;9,94
bat_686;Site_4;42179;F;310;27mm;3,94;
bat_687;Site_8;42193;F;740;214mm;4,01;
bat_688;Site_8;42194;F;480;214mm;4,55;
bat_689;Site_8;42195;F;620;214mm;4,08;
bat_690;Site_8;42195;M;780;214mm;;9,83
bat_691;Site_8;42195;F;640;214mm;3,43;
bat_692;Site_8;42196;M;500;214mm;;9,66
bat_693;Site_8;42196;M;840;214mm;;10,04
bat_694;Site_8;42197;M;740;214mm;;10,17
bat_695;Site_8;42197;M;780;214mm;;10,22
bat_696;Site_8;42199;M;600;214mm;;10,12
bat_697;Site_8;42200;F;720;214mm;3,83;
bat_698;Site_8;42201;F;520;214mm;3,8;
bat_699;Site_3;42377;F;350;368mm;4,11;
bat_700;Site_3;42377;M;400;368mm;;10,15
bat_701;Site_3;42377;M;325;368mm;;10,23
bat_702;Site_3;42377;F;320;368mm;4,09;
bat_703;Site_3;42377;M;270;368mm;;10,37
bat_704;Site_3;42377;M;320;368mm;;10,22
bat_705;Site_3;42377;M;330;368mm;;10,17
bat_706;Site_3;42377;M;370;368mm;;10,03
bat_707;Site_3;42377;M;330;368mm;;9,81
bat_708;Site_3;42377;F;310;368mm;3,86;
bat_709;Site_3;42377;F;200;368mm;4,29;
bat_710;Site_3;42377;M;360;368mm;;10,11
bat_711;Site_3;42377;M;360;368mm;;10,01
bat_712;Site_3;42377;M;320;368mm;;9,93
bat_713;Site_3;42377;M;330;368mm;;10,28
bat_714;Site_4;42379;F;300;306mm;3,93;
bat_715;Site_4;42379;M;320;306mm;;10,1
bat_716;Site_4;42379;M;360;306mm;;10,14
bat_717;Site_4;42379;M;340;306mm;;10,07
bat_718;Site_4;42379;F;280;306mm;3,97;
bat_719;Site_4;42379;F;320;306mm;4,28;
bat_720;Site_4;42379;M;290;306mm;;10,08
bat_721;Site_4;42379;M;320;306mm;;10,17
bat_722;Site_4;42379;F;312;306mm;4,08;
bat_723;Site_4;42379;F;270;306mm;3,74;
bat_724;Site_4;42379;F;330;306mm;3,95;
bat_725;Site_4;42379;M;320;306mm;;10,19
bat_726;Site_4;42379;F;440;306mm;4,17;
bat_727;Site_4;42379;F;380;306mm;3,87;
bat_728;Site_4;42379;M;320;306mm;;9,93
bat_729;Site_2;42383;M;810;320mm;;10,13
bat_730;Site_2;42384;M;590;320mm;;9,65
bat_731;Site_2;42384;F;630;320mm;4,05;
bat_732;Site_2;42384;M;730;320mm;;9,96
bat_733;Site_2;42384;F;570;320mm;3,89;
bat_734;Site_2;42384;F;550;320mm;3,92;
bat_735;Site_2;42385;M;780;320mm;;10,2
bat_736;Site_2;42385;M;730;320mm;;9,99
bat_737;Site_2;42386;F;570;320mm;4,32;
bat_738;Site_2;42386;F;590;320mm;4,06;
bat_739;Site_2;42386;F;590;320mm;4,03;
bat_740;Site_2;42386;F;560;320mm;4,03;
bat_741;Site_2;42386;M;220;320mm;;9,8
bat_742;Site_2;42386;F;530;320mm;4,15;
bat_743;Site_2;42386;F;210;320mm;3,73;
bat_744;Site_2;42387;F;470;320mm;3,99;
bat_745;Site_2;42387;M;190;320mm;;10,09
bat_746;Site_2;42387;F;550;320mm;4,11;
bat_747;Site_2;42387;F;250;320mm;4,11;
bat_748;Site_2;42387;F;250;320mm;3,84;
bat_749;Site_2;42387;F;520;320mm;3,94;
bat_750;Site_2;42387;F;190;320mm;3,99;
bat_751;Site_2;42387;F;540;320mm;4,04;
bat_752;Site_2;42388;M;680;320mm;;9,77
bat_753;Site_2;42388;F;600;320mm;3,85;
bat_754;Site_2;42388;F;570;320mm;3,9;
bat_755;Site_2;42388;F;250;320mm;4,43;
bat_756;Site_2;42389;F;540;320mm;3,79;
bat_757;Site_2;42389;F;620;320mm;3,9;
bat_758;Site_2;42389;F;620;320mm;3,86;
bat_759;Site_2;42389;F;530;320mm;4,1;
bat_760;Site_2;42389;F;580;320mm;3,89;
bat_761;Site_2;42389;F;150;320mm;3,8;
bat_762;Site_2;42390;M;790;320mm;;10,14
bat_763;Site_2;42390;M;690;320mm;;10,11
bat_764;Site_2;42390;F;645;320mm;4,24;
bat_765;Site_2;42390;F;570;320mm;3,65;
bat_766;Site_2;42390;F;620;320mm;3,53;
bat_767;Site_2;42390;F;260;320mm;4,13;
bat_768;Site_7;42391;F;55;338mm;3,64;
bat_769;Site_7;42391;F;44;338mm;4,46;
bat_770;Site_7;42391;F;50;338mm;4,28;
bat_771;Site_7;42391;F;50;338mm;3,82;
bat_772;Site_7;42391;M;65;338mm;;9,67
bat_773;Site_7;42391;F;60;338mm;4,1;
bat_774;Site_7;42391;M;15;338mm;;10,06
bat_775;Site_7;42391;F;60;338mm;3,74;
bat_776;Site_7;42391;F;50;338mm;4,21;
bat_777;Site_7;42391;F;50;338mm;3,95;
bat_778;Site_7;42391;M;20;338mm;;9,95
bat_779;Site_7;42391;F;70;338mm;4,12;
bat_780;Site_7;42391;F;60;338mm;4,14;
bat_781;Site_7;42391;M;55;338mm;;10,01
bat_782;Site_7;42391;F;60;338mm;3,75;
bat_783;Site_7;42391;F;50;338mm;3,44;
bat_784;Site_7;42391;F;20;338mm;3,76;
bat_785;Site_7;42391;M;70;338mm;;10,02
bat_786;Site_7;42391;F;40;338mm;4,1;
bat_787;Site_7;42391;F;50;338mm;4,07;
bat_788;Site_7;42391;M;20;338mm;;10,02
bat_789;Site_7;42391;F;60;338mm;3,92;
bat_790;Site_7;42391;F;60;338mm;4,3;
bat_791;Site_7;42391;F;55;338mm;4,18;
bat_792;Site_7;42391;F;20;338mm;3,99;
bat_793;Site_7;42391;F;20;338mm;3,82;
bat_794;Site_7;42391;F;40;338mm;4,28;
bat_795;Site_7;42391;M;35;338mm;;9,97
bat_796;Site_7;42391;F;40;338mm;4,13;
bat_797;Site_7;42391;M;20;338mm;;9,95
bat_798;Site_7;42391;F;40;338mm;3,77;
bat_799;Site_7;42391;F;30;338mm;4,08;
bat_800;Site_7;42391;F;45;338mm;4,45;
bat_801;Site_7;42391;M;25;338mm;;9,96
bat_802;Site_7;42391;F;55;338mm;3,9;
bat_803;Site_7;42391;M;20;338mm;;9,56
bat_804;Site_7;42391;F;60;338mm;3,89;
bat_805;Site_7;42391;F;25;338mm;4,11;
bat_806;Site_3;43145;M;385;NAmm;;9,82
bat_807;Site_3;43145;F;360;NAmm;4,28;
bat_808;Site_3;43145;M;295;NAmm;;9,82
bat_809;Site_3;43145;M;325;NAmm;;9,87
bat_810;Site_3;43145;F;;NAmm;3,81;
bat_811;Site_3;43145;F;330;NAmm;3,89;
bat_812;Site_3;43145;F;310;NAmm;4,33;
bat_813;Site_3;43145;M;350;NAmm;;9,92
bat_814;Site_3;43145;F;285;NAmm;4,3;
bat_815;Site_4;43146;M;350;NAmm;;10,14
bat_816;Site_4;43146;F;380;NAmm;3,91;
bat_817;Site_4;43146;F;335;NAmm;4,32;
bat_818;Site_4;43146;F;330;NAmm;4,25;
bat_819;Site_4;43146;F;350;NAmm;4,41;
bat_820;Site_4;43146;F;360;NAmm;3,88;
bat_821;Site_4;43146;F;340;NAmm;3,91;
bat_822;Site_4;43146;F;340;NAmm;4,12;
bat_823;Site_4;43146;M;320;NAmm;;9,82
bat_824;Site_4;43146;F;380;NAmm;3,85;
bat_825;Site_4;43146;F;295;NAmm;4,16;
bat_826;Site_4;43146;M;275;NAmm;;10,16
bat_827;Site_4;43146;F;325;NAmm;4,18;
bat_828;Site_4;43146;M;360;NAmm;;9,9
bat_829;Site_4;43146;F;400;NAmm;3,81;
bat_830;Site_4;43146;F;360;NAmm;4,31;
bat_831;Site_4;43146;F;230;NAmm;3,62;
bat_832;Site_4;43146;F;355;NAmm;3,98;
bat_833;Site_4;43146;F;220;NAmm;4,04;
bat_834;Site_4;43146;F;300;NAmm;4,38;
bat_835;Site_4;43146;F;330;NAmm;4,22;
bat_836;Site_4;43146;M;205;NAmm;;10,27
bat_837;Site_4;43146;F;355;NAmm;4,01;
bat_838;Site_4;43146;M;200;NAmm;;9,94
bat_839;Site_4;43146;F;360;NAmm;4,15;
bat_840;Site_4;43146;F;315;NAmm;4,13;
bat_841;Site_4;43147;F;300;NAmm;4,08;
bat_842;Site_4;43147;F;330;NAmm;3,92;
bat_843;Site_4;43147;F;355;NAmm;4,11;
bat_844;Site_4;43147;F;300;NAmm;3,85;
bat_845;Site_4;43147;F;360;NAmm;3,8;
bat_846;Site_4;43147;M;310;NAmm;;10,23
bat_847;Site_7;43149;F;20;NAmm;4,33;
bat_848;Site_7;43149;F;60;NAmm;4,07;
bat_849;Site_7;43149;F;40;NAmm;3,79;
bat_850;Site_7;43149;F;60;NAmm;3,88;
bat_851;Site_7;43149;F;50;NAmm;4;
bat_852;Site_7;43149;F;60;NAmm;4,11;
bat_853;Site_7;43149;M;20;NAmm;;10,27
bat_854;Site_7;43149;M;60;NAmm;;9,72
bat_855;Site_7;43149;F;50;NAmm;4,03;
bat_856;Site_7;43149;F;20;NAmm;3,85;
bat_857;Site_7;43149;F;50;NAmm;4,11;
bat_858;Site_7;43149;M;60;NAmm;;9,9
bat_859;Site_7;43149;F;55;NAmm;4,06;
bat_860;Site_7;43149;M;55;NAmm;;9,94
bat_861;Site_7;43149;F;60;NAmm;4,18;
bat_862;Site_7;43149;F;50;NAmm;4,17;
bat_863;Site_7;43149;M;60;NAmm;;9,81
bat_864;Site_7;43149;F;48;NAmm;3,91;
bat_865;Site_7;43150;M;30;NAmm;;10,18
bat_866;Site_7;43150;F;50;NAmm;4,07;
bat_867;Site_7;43150;F;50;NAmm;3,69;
bat_868;Site_7;43150;F;27;NAmm;4,15;
bat_869;Site_7;43150;F;45;NAmm;4,05;
bat_870;Site_7;43150;F;25;NAmm;4,38;
bat_871;Site_7;43150;F;50;NAmm;4,27;
bat_872;Site_7;43150;F;20;NAmm;4,09;
bat_873;Site_7;43150;F;60;NAmm;4,07;
bat_874;Site_7;43150;F;45;NAmm;3,96;
bat_875;Site_7;43150;F;30;NAmm;4,23;
bat_876;Site_2;43154;M;680;NAmm;;9,94
bat_877;Site_2;43154;M;750;NAmm;;10,01
bat_878;Site_2;43154;F;470;NAmm;4,23;
bat_879;Site_2;43155;M;540;NAmm;;9,83
bat_880;Site_2;43155;M;790;NAmm;;10,07
bat_881;Site_2;43155;F;550;NAmm;4,02;
bat_882;Site_2;43156;F;390;NAmm;3,96;
bat_883;Site_2;43156;M;580;NAmm;;10,26
bat_884;Site_2;43157;F;565;NAmm;4,11;
bat_885;Site_2;43158;F;580;NAmm;4,43;
bat_886;Site_2;43159;M;685;NAmm;;10,1
bat_887;Site_2;43159;M;370;NAmm;;9,66
bat_888;Site_2;43160;M;730;NAmm;;9,85
bat_889;Site_2;43160;M;770;NAmm;;10,15
bat_890;Site_2;43160;M;655;NAmm;;9,86
bat_891;Site_2;43160;F;350;NAmm;3,98;
bat_892;Site_2;43161;M;785;NAmm;;9,8
bat_893;Site_2;43161;M;670;NAmm;;10,06
bat_894;Site_3;43199;F;290;NAmm;3,96;
bat_895;Site_3;43199;F;320;NAmm;4,21;
bat_896;Site_3;43199;F;290;NAmm;4,31;
bat_897;Site_3;43199;F;290;NAmm;3,84;
bat_898;Site_3;43199;F;295;NAmm;3,89;
bat_899;Site_3;43199;F;320;NAmm;3,56;
bat_900;Site_3;43199;F;310;NAmm;4,16;
bat_901;Site_3;43199;F;300;NAmm;3,8;
bat_902;Site_3;43199;M;370;NAmm;;9,81
bat_903;Site_4;43199;F;270;NAmm;4,29;
bat_904;Site_4;43199;M;350;NAmm;;9,95
bat_905;Site_4;43199;F;310;NAmm;4,57;
bat_906;Site_4;43199;F;245;NAmm;4,42;
bat_907;Site_4;43199;F;295;NAmm;3,57;
bat_908;Site_4;43200;F;345;NAmm;3,99;
bat_909;Site_4;43200;F;265;NAmm;4,1;
bat_910;Site_4;43200;F;320;NAmm;3,66;
bat_911;Site_4;43200;F;330;NAmm;4,06;
bat_912;Site_4;43200;F;320;NAmm;3,86;
bat_913;Site_4;43200;F;310;NAmm;3,81;
bat_914;Site_4;43200;F;325;NAmm;4,06;
bat_915;Site_4;43200;F;315;NAmm;3,96;
bat_916;Site_4;43200;F;300;NAmm;3,97;
bat_917;Site_4;43200;F;345;NAmm;4,07;
bat_918;Site_4;43200;M;350;NAmm;;10,02
bat_919;Site_4;43200;F;300;NAmm;4,14;
bat_920;Site_4;43200;F;310;NAmm;3,8;
bat_921;Site_4;43200;M;320;NAmm;;9,86
bat_922;Site_4;43200;F;270;NAmm;3,68;
bat_923;Site_4;43200;F;340;NAmm;4,19;
bat_924;Site_4;43200;F;340;NAmm;4,2;
bat_925;Site_4;43200;F;340;NAmm;3,85;
bat_926;Site_4;43200;F;320;NAmm;3,93;
bat_927;Site_4;43200;F;310;NAmm;4,09;
bat_928;Site_4;43200;F;320;NAmm;4,24;
bat_929;Site_4;43200;F;300;NAmm;4,32;
bat_930;Site_4;43200;F;270;NAmm;4,01;
bat_931;Site_4;43200;F;310;NAmm;3,9;
bat_932;Site_4;43200;F;265;NAmm;3,81;
bat_933;Site_4;43200;F;280;NAmm;3,96;
bat_934;Site_4;43200;F;310;NAmm;3,77;
bat_935;Site_4;43200;F;300;NAmm;4,14;
bat_936;Site_7;43203;M;65;NAmm;;10,1
bat_937;Site_7;43203;F;55;NAmm;4,35;
bat_938;Site_7;43203;F;35;NAmm;4,29;
bat_939;Site_7;43203;F;60;NAmm;3,95;
bat_940;Site_7;43203;F;55;NAmm;4,05;
bat_941;Site_7;43203;M;60;NAmm;;9,92
bat_942;Site_7;43203;M;55;NAmm;;9,91
bat_943;Site_7;43203;M;65;NAmm;;9,91
bat_944;Site_7;43203;M;60;NAmm;;9,9
bat_945;Site_7;43203;F;60;NAmm;4,07;
bat_946;Site_7;43203;M;75;NAmm;;10,39
bat_947;Site_7;43203;F;60;NAmm;4,23;
bat_948;Site_7;43203;M;35;NAmm;;10,07
bat_949;Site_7;43203;F;55;NAmm;4,11;
bat_950;Site_7;43204;M;65;NAmm;;10,44
bat_951;Site_7;43204;M;75;NAmm;;10,36
bat_952;Site_7;43204;M;80;NAmm;;9,73
bat_953;Site_7;43204;M;60;NAmm;;9,91
bat_954;Site_7;43204;M;70;NAmm;;10,08
bat_955;Site_7;43204;M;60;NAmm;;10,06
bat_956;Site_7;43204;F;55;NAmm;3,95;
bat_957;Site_7;43204;M;65;NAmm;;10,33
bat_958;Site_7;43204;M;55;NAmm;;9,97
bat_959;Site_7;43204;F;65;NAmm;4,33;
bat_960;Site_2;43206;F;315;NAmm;3,8;
bat_961;Site_2;43206;M;710;NAmm;;9,83
bat_962;Site_2;43207;M;310;NAmm;;9,94
bat_963;Site_2;43207;M;680;NAmm;;10,06
bat_964;Site_2;43207;M;460;NAmm;;10,15
bat_965;Site_2;43208;M;630;NAmm;;9,51
bat_966;Site_2;43209;M;400;NAmm;;9,89
bat_967;Site_2;43211;M;620;NAmm;;10,14
bat_968;Site_2;43212;F;670;NAmm;4,3;
bat_969;Site_3;43308;F;300;NAmm;3,98;
bat_970;Site_3;43308;F;281;NAmm;3,9;
bat_971;Site_3;43308;F;320;NAmm;3,9;
bat_972;Site_3;43308;M;250;NAmm;;10,05
bat_973;Site_3;43308;F;320;NAmm;3,63;
bat_974;Site_3;43308;F;300;NAmm;4,07;
bat_975;Site_3;43308;F;280;NAmm;4,26;
bat_976;Site_3;43308;F;330;NAmm;4,08;
bat_977;Site_3;43308;F;340;NAmm;4,39;
bat_978;Site_3;43308;F;320;NAmm;3,95;
bat_979;Site_3;43308;F;310;NAmm;3,8;
bat_980;Site_3;43308;F;340;NAmm;4,1;
bat_981;Site_3;43308;F;320;NAmm;4,04;
bat_982;Site_4;43308;M;320;NAmm;;10,18
bat_983;Site_4;43308;M;300;NAmm;;10,25
bat_984;Site_4;43308;F;200;NAmm;4,25;
bat_985;Site_4;43308;F;330;NAmm;3,72;
bat_986;Site_4;43308;M;320;NAmm;;10,13
bat_987;Site_4;43308;F;300;NAmm;3,8;
bat_988;Site_4;43308;M;340;NAmm;;9,99
bat_989;Site_4;43308;M;300;NAmm;;10,2
bat_990;Site_4;43308;M;240;NAmm;;9,81
bat_991;Site_4;43308;F;300;NAmm;3,81;
bat_992;Site_4;43308;M;350;NAmm;;10,21
bat_993;Site_4;43308;M;370;NAmm;;10,24
bat_994;Site_4;43308;M;320;NAmm;;9,92
bat_995;Site_4;43308;M;340;NAmm;;9,92
bat_996;Site_4;43308;F;330;NAmm;3,95;
bat_997;Site_4;43308;F;230;NAmm;4,18;
bat_998;Site_4;43308;M;340;NAmm;;10,11
bat_999;Site_4;43308;M;310;NAmm;;9,87
bat_1000;Site_4;43308;M;310;NAmm;;9,97
bat_1001;Site_4;43308;M;340;NAmm;;10,08
bat_1002;Site_4;43308;M;300;NAmm;;9,83
bat_1003;Site_4;43308;M;270;NAmm;;9,65
bat_1004;Site_4;43308;M;350;NAmm;;9,92
bat_1005;Site_4;43308;M;310;NAmm;;9,88
bat_1006;Site_4;43308;M;310;NAmm;;9,91
bat_1007;Site_4;43308;F;340;NAmm;4,24;
bat_1008;Site_7;43310;M;55;NAmm;;9,81
bat_1009;Site_7;43310;F;60;NAmm;3,87;
bat_1010;Site_7;43310;M;60;NAmm;;9,89
bat_1011;Site_7;43310;M;75;NAmm;;10,11
bat_1012;Site_7;43310;F;50;NAmm;4,12;
bat_1013;Site_7;43310;F;35;NAmm;4,05;
bat_1014;Site_7;43310;F;45;NAmm;3,83;
bat_1015;Site_7;43310;F;55;NAmm;3,87;
bat_1016;Site_7;43310;M;50;NAmm;;10,03
bat_1017;Site_7;43310;F;50;NAmm;3,82;
bat_1018;Site_7;43310;M;60;NAmm;;9,85
bat_1019;Site_7;43310;F;50;NAmm;4;
bat_1020;Site_7;43310;M;60;NAmm;;9,85
bat_1021;Site_7;43310;F;45;NAmm;4;
bat_1022;Site_7;43310;F;55;NAmm;4,18;
bat_1023;Site_7;43310;F;40;NAmm;4,06;
bat_1024;Site_7;43310;M;60;NAmm;;9,91
bat_1025;Site_7;43310;M;60;NAmm;;9,74
bat_1026;Site_7;43310;M;50;NAmm;;10,01
bat_1027;Site_7;43310;F;40;NAmm;3,88;
bat_1028;Site_7;43310;M;45;NAmm;;10,01
bat_1029;Site_7;43310;M;40;NAmm;;9,81
bat_1030;Site_7;43310;M;65;NAmm;;10,14
bat_1031;Site_7;43310;M;60;NAmm;;9,71
bat_1032;Site_7;43310;F;50;NAmm;3,81;
bat_1033;Site_7;43310;M;80;NAmm;;9,99
bat_1034;Site_2;43317;F;480;NAmm;3,65;
bat_1035;Site_2;43318;M;415;NAmm;;10,39
bat_1036;Site_2;43319;M;550;NAmm;;10,17
bat_1037;Site_2;43319;M;660;NAmm;;9,98
bat_1038;Site_2;43319;M;490;NAmm;;10
bat_1039;Site_2;43319;F;445;NAmm;4,27;
bat_1040;Site_2;43320;F;495;NAmm;4,17;
bat_1041;Site_3;43352;M;340;NAmm;;9,73
bat_1042;Site_3;43352;M;365;NAmm;;10,12
bat_1043;Site_3;43352;F;385;NAmm;3,97;
bat_1044;Site_3;43352;F;340;NAmm;4,05;
bat_1045;Site_3;43352;M;360;NAmm;;10,01
bat_1046;Site_3;43352;M;320;NAmm;;9,63
bat_1047;Site_3;43352;M;345;NAmm;;10,07
bat_1048;Site_3;43352;M;345;NAmm;;10,17
bat_1049;Site_7;43354;M;65;NAmm;;9,91
bat_1050;Site_7;43354;M;75;NAmm;;9,92
bat_1051;Site_7;43354;M;75;NAmm;;9,94
bat_1052;Site_7;43354;F;55;NAmm;3,91;
bat_1053;Site_7;43354;M;75;NAmm;;10,24
bat_1054;Site_7;43354;M;70;NAmm;;10,28
bat_1055;Site_7;43354;M;70;NAmm;;10,05
bat_1056;Site_7;43354;M;70;NAmm;;9,87
bat_1057;Site_7;43354;F;60;NAmm;3,84;
bat_1058;Site_7;43354;F;60;NAmm;3,64;
bat_1059;Site_7;43354;M;65;NAmm;;9,97
bat_1060;Site_7;43354;F;40;NAmm;4,02;
bat_1061;Site_7;43354;M;70;NAmm;;10,2
bat_1062;Site_7;43354;F;55;NAmm;4,06;
bat_1063;Site_7;43354;F;65;NAmm;4,21;
bat_1064;Site_7;43354;F;45;NAmm;4,27;
bat_1065;Site_7;43354;M;65;NAmm;;10,39
bat_1066;Site_7;43354;F;40;NAmm;4,29;
bat_1067;Site_7;43354;F;30;NAmm;4,04;
bat_1068;Site_7;43354;M;55;NAmm;;10,24
bat_1069;Site_7;43354;F;50;NAmm;3,69;
bat_1070;Site_7;43354;M;65;NAmm;;10,03
bat_1071;Site_7;43354;F;55;NAmm;3,92;
bat_1072;Site_7;43354;M;65;NAmm;;9,65
bat_1073;Site_7;43354;F;45;NAmm;4,2;
bat_1074;Site_7;43354;M;60;NAmm;;10,01
bat_1075;Site_7;43354;M;50;NAmm;;9,87
bat_1076;Site_7;43355;F;55;NAmm;4,07;
bat_1077;Site_7;43355;M;60;NAmm;;9,86
bat_1078;Site_7;43355;M;35;NAmm;;10,2
bat_1079;Site_9;43363;F;325;NAmm;4,36;
bat_1080;Site_9;43364;F;435;NAmm;3,94;
bat_1081;Site_9;43366;F;570;NAmm;4,14;
